Jar ID,Community ID,Block,Temp,Date,Species,Count,Volume (mL),
1,P-A,A,14,4/27/23,Daph,20,300,
3,P-A,A,14,4/27/23,Daph,20,300,
5,P-A,A,14,4/27/23,Daph,20,300,
7,H-P-A,A,14,4/27/23,Hydra,2,300,
7,H-P-A,A,14,4/27/23,Daph,20,300,
9,H-P-A,A,14,4/27/23,Hydra,2,300,
9,H-P-A,A,14,4/27/23,Daph,20,300,
11,P-A,A,17,4/27/23,Daph,20,300,
13,P-A,A,17,4/27/23,Daph,20,300,
15,P-A,A,17,4/27/23,Daph,20,300,
17,H-P-A,A,17,4/27/23,Daph,20,300,
17,H-P-A,A,17,4/27/23,Hydra,2,300,
19,H-P-A,A,17,4/27/23,Daph,20,300,
19,H-P-A,A,17,4/27/23,Hydra,2,300,
21,P-A,A,20,4/27/23,Daph,20,300,
23,P-A,A,20,4/27/23,Daph,20,300,
25,P-A,A,20,4/27/23,Daph,20,300,
27,H-P-A,A,20,4/27/23,Daph,20,300,
27,H-P-A,A,20,4/27/23,Hydra,2,300,
29,H-P-A,A,20,4/27/23,Daph,20,300,
29,H-P-A,A,20,4/27/23,Hydra,2,300,
31,P-A,A,23,4/27/23,Daph,20,300,
33,P-A,A,23,4/27/23,Daph,20,300,
35,P-A,A,23,4/27/23,Daph,20,300,
37,H-P-A,A,23,4/27/23,Daph,20,300,
37,H-P-A,A,23,4/27/23,Hydra,2,300,
39,H-P-A,A,23,4/27/23,Daph,20,300,
39,H-P-A,A,23,4/27/23,Hydra,2,300,
41,P-A,A,26,4/27/23,Daph,20,300,
43,P-A,A,26,4/27/23,Daph,20,300,
45,P-A,A,26,4/27/23,Daph,20,300,
47,H-P-A,A,26,4/27/23,Daph,20,300,
47,H-P-A,A,26,4/27/23,Hydra,2,300,
49,H-P-A,A,26,4/27/23,Daph,20,300,
49,H-P-A,A,26,4/27/23,Hydra,2,300,
2,P-A,B,14,4/28/23,Daph,20,300,
4,P-A,B,14,4/28/23,Daph,20,300,
6,H-P-A,B,14,4/28/23,Daph,20,300,
6,H-P-A,B,14,4/28/23,Hydra,2,300,
8,H-P-A,B,14,4/28/23,Daph,20,300,
8,H-P-A,B,14,4/28/23,Hydra,2,300,
10,H-P-A,B,14,4/28/23,Daph,20,300,
10,H-P-A,B,14,4/28/23,Hydra,2,300,
12,P-A,B,17,4/28/23,Daph,20,300,
14,P-A,B,17,4/28/23,Daph,20,300,
16,H-P-A,B,17,4/28/23,Daph,20,300,
16,H-P-A,B,17,4/28/23,Hydra,2,300,
18,H-P-A,B,17,4/28/23,Daph,20,300,
18,H-P-A,B,17,4/28/23,Hydra,2,300,
20,H-P-A,B,17,4/28/23,Daph,20,300,
20,H-P-A,B,17,4/28/23,Hydra,2,300,
22,P-A,B,20,4/28/23,Daph,20,300,
24,P-A,B,20,4/28/23,Daph,20,300,
26,H-P-A,B,20,4/28/23,Daph,20,300,
26,H-P-A,B,20,4/28/23,Hydra,2,300,
28,H-P-A,B,20,4/28/23,Daph,20,300,
28,H-P-A,B,20,4/28/23,Hydra,2,300,
30,H-P-A,B,20,4/28/23,Daph,20,300,
30,H-P-A,B,20,4/28/23,Hydra,2,300,
32,P-A,B,23,4/28/23,Daph,20,300,
34,P-A,B,23,4/28/23,Daph,20,300,
36,H-P-A,B,23,4/28/23,Daph,20,300,
36,H-P-A,B,23,4/28/23,Hydra,2,300,
38,H-P-A,B,23,4/28/23,Daph,20,300,
38,H-P-A,B,23,4/28/23,Hydra,2,300,
40,H-P-A,B,23,4/28/23,Daph,20,300,
40,H-P-A,B,23,4/28/23,Hydra,2,300,
42,P-A,B,26,4/28/23,Daph,20,300,
44,P-A,B,26,4/28/23,Daph,20,300,
46,H-P-A,B,26,4/28/23,Daph,20,300,
46,H-P-A,B,26,4/28/23,Hydra,2,300,
48,H-P-A,B,26,4/28/23,Daph,20,300,
48,H-P-A,B,26,4/28/23,Hydra,2,300,
50,H-P-A,B,26,4/28/23,Daph,20,300,
50,H-P-A,B,26,4/28/23,Hydra,2,300,
1,P-A,A,14,4/29/23,Daph,16,300,
3,P-A,A,14,4/29/23,Daph,14,300,
5,P-A,A,14,4/29/23,Daph,15,300,
7,H-P-A,A,14,4/29/23,Hydra,2,300,
7,H-P-A,A,14,4/29/23,Daph,13,300,
9,H-P-A,A,14,4/29/23,Hydra,2,300,
9,H-P-A,A,14,4/29/23,Daph,10,300,
11,P-A,A,17,4/29/23,Daph,20,300,
13,P-A,A,17,4/29/23,Daph,19,200,
15,P-A,A,17,4/29/23,Daph,19,300,
17,H-P-A,A,17,4/29/23,Hydra,2,300,
17,H-P-A,A,17,4/29/23,Daph,9,300,
19,H-P-A,A,17,4/29/23,Hydra,2,300,
19,H-P-A,A,17,4/29/23,Daph,12,300,
21,P-A,A,20,4/29/23,Daph,15,300,
23,P-A,A,20,4/29/23,Daph,20,300,
25,P-A,A,20,4/29/23,Daph,18,300,
27,H-P-A,A,20,4/29/23,Hydra,2,300,
27,H-P-A,A,20,4/29/23,Daph,14,300,
29,H-P-A,A,20,4/29/23,Hydra,2,300,
29,H-P-A,A,20,4/29/23,Daph,15,300,
31,P-A,A,23,4/29/23,Daph,16,300,
33,P-A,A,23,4/29/23,Daph,17,300,
35,P-A,A,23,4/29/23,Daph,18,300,
37,H-P-A,A,23,4/29/23,Hydra,2,300,
37,H-P-A,A,23,4/29/23,Daph,13,300,
39,H-P-A,A,23,4/29/23,Hydra,2,300,
39,H-P-A,A,23,4/29/23,Daph,9,300,
41,P-A,A,26,4/29/23,Daph,15,300,
43,P-A,A,26,4/29/23,Daph,18,300,
45,P-A,A,26,4/29/23,Daph,20,300,
47,H-P-A,A,26,4/29/23,Hydra,2,300,
47,H-P-A,A,26,4/29/23,Daph,10,300,
49,H-P-A,A,26,4/29/23,Hydra,2,300,
49,H-P-A,A,26,4/29/23,Daph,9,300,
2,P-A,B,14,4/30/23,Daph,20,300,
4,P-A,B,14,4/30/23,Daph,19,300,
6,H-P-A,B,14,4/30/23,Hydra,2,300,
6,H-P-A,B,14,4/30/23,Daph,11,300,
8,H-P-A,B,14,4/30/23,Hydra,2,300,
8,H-P-A,B,14,4/30/23,Daph,14,300,
10,H-P-A,B,14,4/30/23,Hydra,2,300,
10,H-P-A,B,14,4/30/23,Daph,12,300,
12,P-A,B,17,4/30/23,Daph,16,300,
14,P-A,B,17,4/30/23,Daph,18,300,
16,H-P-A,B,17,4/30/23,Hydra,2,300,
16,H-P-A,B,17,4/30/23,Daph,17,300,
18,H-P-A,B,17,4/30/23,Hydra,2,300,
18,H-P-A,B,17,4/30/23,Daph,12,300,
20,H-P-A,B,17,4/30/23,Hydra,2,300,
20,H-P-A,B,17,4/30/23,Daph,16,300,
22,P-A,B,20,4/30/23,Daph,20,300,
24,P-A,B,20,4/30/23,Daph,15,300,
26,H-P-A,B,20,4/30/23,Hydra,2,300,
26,H-P-A,B,20,4/30/23,Daph,13,300,
28,H-P-A,B,20,4/30/23,Hydra,2,300,
28,H-P-A,B,20,4/30/23,Daph,9,300,
30,H-P-A,B,20,4/30/23,Hydra,2,300,
30,H-P-A,B,20,4/30/23,Daph,13,300,
32,P-A,B,23,4/30/23,Daph,15,300,
34,P-A,B,23,4/30/23,Daph,20,300,
36,H-P-A,B,23,4/30/23,Hydra,2,300,
36,H-P-A,B,23,4/30/23,Daph,12,300,
38,H-P-A,B,23,4/30/23,Hydra,2,300,
38,H-P-A,B,23,4/30/23,Daph,15,300,
40,H-P-A,B,23,4/30/23,Hydra,2,300,
40,H-P-A,B,23,4/30/23,Daph,13,300,
42,P-A,B,26,4/30/23,Daph,17,300,
44,P-A,B,26,4/30/23,Daph,17,300,
46,H-P-A,B,26,4/30/23,Hydra,2,300,
46,H-P-A,B,26,4/30/23,Daph,5,300,
48,H-P-A,B,26,4/30/23,Hydra,2,300,
48,H-P-A,B,26,4/30/23,Daph,17,300,
50,H-P-A,B,26,4/30/23,Hydra,2,300,
50,H-P-A,B,26,4/30/23,Daph,14,300,
1,P-A,A,14,5/1/23,Daph,10,30,
3,P-A,A,14,5/1/23,Daph,19,300,
5,P-A,A,14,5/1/23,Daph,20,300,
7,H-P-A,A,14,5/1/23,Hydra,2,300,
7,H-P-A,A,14,5/1/23,Daph,14,300,
9,H-P-A,A,14,5/1/23,Hydra,2,300,
9,H-P-A,A,14,5/1/23,Daph,9,300,
11,P-A,A,17,5/1/23,Daph,17,300,
13,P-A,A,17,5/1/23,Daph,15,300,
15,P-A,A,17,5/1/23,Daph,12,300,
17,H-P-A,A,17,5/1/23,Hydra,3,300,
17,H-P-A,A,17,5/1/23,Daph,10,300,
19,H-P-A,A,17,5/1/23,Hydra,3,300,
19,H-P-A,A,17,5/1/23,Daph,9,300,
21,P-A,A,20,5/1/23,Daph,17,300,
23,P-A,A,20,5/1/23,Daph,16,300,
25,P-A,A,20,5/1/23,Daph,20,300,
27,H-P-A,A,20,5/1/23,Hydra,2,300,
27,H-P-A,A,20,5/1/23,Daph,14,300,
29,H-P-A,A,20,5/1/23,Hydra,2,300,
29,H-P-A,A,20,5/1/23,Daph,15,300,
31,P-A,A,23,5/1/23,Daph,17,300,
33,P-A,A,23,5/1/23,Daph,28,300,
35,P-A,A,23,5/1/23,Daph,25,300,
37,H-P-A,A,23,5/1/23,Hydra,3,300,
37,H-P-A,A,23,5/1/23,Daph,13,300,
39,H-P-A,A,23,5/1/23,Hydra,2,300,
39,H-P-A,A,23,5/1/23,Daph,14,300,
41,P-A,A,26,5/1/23,Daph,31,300,
43,P-A,A,26,5/1/23,Daph,24,300,
45,P-A,A,26,5/1/23,Daph,20,300,
47,H-P-A,A,26,5/1/23,Hydra,2,300,
47,H-P-A,A,26,5/1/23,Daph,4,300,
49,H-P-A,A,26,5/1/23,Hydra,2,300,
49,H-P-A,A,26,5/1/23,Daph,6,300,
2,P-A,B,14,5/2/23,Daph,22,300,
4,P-A,B,14,5/2/23,Daph,20,300,
6,H-P-A,B,14,5/2/23,Hydra,2,300,
6,H-P-A,B,14,5/2/23,Daph,15,300,
8,H-P-A,B,14,5/2/23,Hydra,2,300,
8,H-P-A,B,14,5/2/23,Daph,10,300,
10,H-P-A,B,14,5/2/23,Hydra,2,300,
10,H-P-A,B,14,5/2/23,Daph,11,300,
12,P-A,B,17,5/2/23,Daph,18,300,
14,P-A,B,17,5/2/23,Daph,17,300,
16,H-P-A,B,17,5/2/23,Hydra,2,300,
16,H-P-A,B,17,5/2/23,Daph,20,300,
18,H-P-A,B,17,5/2/23,Hydra,2,300,
18,H-P-A,B,17,5/2/23,Daph,11,300,
20,H-P-A,B,17,5/2/23,Hydra,2,300,
20,H-P-A,B,17,5/2/23,Daph,15,300,
22,P-A,B,20,5/2/23,Daph,45,300,
24,P-A,B,20,5/2/23,Daph,8,300,
26,H-P-A,B,20,5/2/23,Hydra,2,300,
26,H-P-A,B,20,5/2/23,Daph,35,300,
28,H-P-A,B,20,5/2/23,Hydra,2,300,
28,H-P-A,B,20,5/2/23,Daph,11,300,
30,H-P-A,B,20,5/2/23,Hydra,2,300,
30,H-P-A,B,20,5/2/23,Daph,12,300,
32,P-A,B,23,5/2/23,Daph,26,300,
34,P-A,B,23,5/2/23,Daph,29,300,
36,H-P-A,B,23,5/2/23,Hydra,3,300,
36,H-P-A,B,23,5/2/23,Daph,18,300,
38,H-P-A,B,23,5/2/23,Hydra,3,300,
38,H-P-A,B,23,5/2/23,Daph,17,300,
40,H-P-A,B,23,5/2/23,Hydra,2,300,
40,H-P-A,B,23,5/2/23,Daph,18,300,
42,P-A,B,26,5/2/23,Daph,24,300,
44,P-A,B,26,5/2/23,Daph,31,300,
46,H-P-A,B,26,5/2/23,Hydra,3,300,
46,H-P-A,B,26,5/2/23,Daph,11,300,
48,H-P-A,B,26,5/2/23,Hydra,2,300,
48,H-P-A,B,26,5/2/23,Daph,28,300,
50,H-P-A,B,26,5/2/23,Hydra,2,300,
50,H-P-A,B,26,5/2/23,Daph,19,300,
1,P-A,A,14,5/3/23,Daph,14,300,
3,P-A,A,14,5/3/23,Daph,20,300,
5,P-A,A,14,5/3/23,Daph,21,300,
7,H-P-A,A,14,5/3/23,Hydra,2,300,
7,H-P-A,A,14,5/3/23,Daph,14,300,
9,H-P-A,A,14,5/3/23,Hydra,2,300,
9,H-P-A,A,14,5/3/23,Daph,9,300,
11,P-A,A,17,5/3/23,Daph,33,300,
13,P-A,A,17,5/3/23,Daph,13,300,
15,P-A,A,17,5/3/23,Daph,12,300,
17,H-P-A,A,17,5/3/23,Hydra,3,300,
17,H-P-A,A,17,5/3/23,Daph,16,300,
19,H-P-A,A,17,5/3/23,Hydra,3,300,
19,H-P-A,A,17,5/3/23,Daph,15,300,
21,P-A,A,20,5/3/23,Daph,20,300,
23,P-A,A,20,5/3/23,Daph,31,300,
25,P-A,A,20,5/3/23,Daph,29,300,
27,H-P-A,A,20,5/3/23,Hydra,2,300,
27,H-P-A,A,20,5/3/23,Daph,17,300,
29,H-P-A,A,20,5/3/23,Hydra,2,300,
29,H-P-A,A,20,5/3/23,Daph,29,300,
31,P-A,A,23,5/3/23,Daph,16,300,
33,P-A,A,23,5/3/23,Daph,40,300,
35,P-A,A,23,5/3/23,Daph,50,300,
37,H-P-A,A,23,5/3/23,Hydra,3,300,
37,H-P-A,A,23,5/3/23,Daph,39,300,
39,H-P-A,A,23,5/3/23,Hydra,3,300,
39,H-P-A,A,23,5/3/23,Daph,28,300,
41,P-A,A,26,5/3/23,Daph,7,10,
43,P-A,A,26,5/3/23,Daph,60,300,
45,P-A,A,26,5/3/23,Daph,36,300,
47,H-P-A,A,26,5/3/23,Hydra,2,300,
47,H-P-A,A,26,5/3/23,Daph,8,300,
49,H-P-A,A,26,5/3/23,Hydra,1,300,
49,H-P-A,A,26,5/3/23,Daph,6,300,
2,P-A,B,14,5/4/23,Daph,26,300,
4,P-A,B,14,5/4/23,Daph,20,300,
6,H-P-A,B,14,5/4/23,Hydra,2,300,
6,H-P-A,B,14,5/4/23,Daph,16,300,
8,H-P-A,B,14,5/4/23,Hydra,2,300,
8,H-P-A,B,14,5/4/23,Daph,12,300,
10,H-P-A,B,14,5/4/23,Hydra,2,300,
10,H-P-A,B,14,5/4/23,Daph,9,300,
12,P-A,B,17,5/4/23,Daph,11,300,
14,P-A,B,17,5/4/23,Daph,19,300,
16,H-P-A,B,17,5/4/23,Hydra,2,300,
16,H-P-A,B,17,5/4/23,Daph,35,300,
18,H-P-A,B,17,5/4/23,Hydra,2,300,
18,H-P-A,B,17,5/4/23,Daph,11,300,
20,H-P-A,B,17,5/4/23,Hydra,2,300,
20,H-P-A,B,17,5/4/23,Daph,24,300,
22,P-A,B,20,5/4/23,Daph,5,10,
24,P-A,B,20,5/4/23,Daph,14,300,
26,H-P-A,B,20,5/4/23,Hydra,1,300,
26,H-P-A,B,20,5/4/23,Daph,62,300,
28,H-P-A,B,20,5/4/23,Hydra,2,300,
28,H-P-A,B,20,5/4/23,Daph,9,300,
30,H-P-A,B,20,5/4/23,Hydra,2,300,
30,H-P-A,B,20,5/4/23,Daph,22,300,
32,P-A,B,23,5/4/23,Daph,44,300,
34,P-A,B,23,5/4/23,Daph,7,10,
36,H-P-A,B,23,5/4/23,Hydra,5,300,
36,H-P-A,B,23,5/4/23,Daph,300,300,
38,H-P-A,B,23,5/4/23,Hydra,3,300,
38,H-P-A,B,23,5/4/23,Daph,38,300,
40,H-P-A,B,23,5/4/23,Hydra,2,300,
40,H-P-A,B,23,5/4/23,Daph,28,300,
42,P-A,B,26,5/4/23,Daph,47,300,
44,P-A,B,26,5/4/23,Daph,58,300,
46,H-P-A,B,26,5/4/23,Hydra,3,300,
46,H-P-A,B,26,5/4/23,Daph,26,300,
48,H-P-A,B,26,5/4/23,Hydra,3,300,
48,H-P-A,B,26,5/4/23,Daph,27,300,
50,H-P-A,B,26,5/4/23,Hydra,2,300,
50,H-P-A,B,26,5/4/23,Daph,50,300,
1,P-A,A,14,5/5/23,Daph,10,300,
3,P-A,A,14,5/5/23,Daph,33,300,
5,P-A,A,14,5/5/23,Daph,7,300,
7,H-P-A,A,14,5/5/23,Hydra,2,300,
7,H-P-A,A,14,5/5/23,Daph,8,300,
9,H-P-A,A,14,5/5/23,Hydra,2,300,
9,H-P-A,A,14,5/5/23,Daph,18,300,
11,P-A,A,17,5/5/23,Daph,39,300,
13,P-A,A,17,5/5/23,Daph,16,300,
15,P-A,A,17,5/5/23,Daph,16,300,
17,H-P-A,A,17,5/5/23,Hydra,3,300,
17,H-P-A,A,17,5/5/23,Daph,25,300,
19,H-P-A,A,17,5/5/23,Hydra,2,300,
19,H-P-A,A,17,5/5/23,Daph,12,300,
21,P-A,A,20,5/5/23,Daph,34,300,
23,P-A,A,20,5/5/23,Daph,39,300,
25,P-A,A,20,5/5/23,Daph,40,300,
27,H-P-A,A,20,5/5/23,Hydra,2,300,
27,H-P-A,A,20,5/5/23,Daph,35,300,
29,H-P-A,A,20,5/5/23,Hydra,3,300,
29,H-P-A,A,20,5/5/23,Daph,42,300,
31,P-A,A,23,5/5/23,Daph,29,300,
33,P-A,A,23,5/5/23,Daph,69,300,
35,P-A,A,23,5/5/23,Daph,3,10,
37,H-P-A,A,23,5/5/23,Hydra,3,300,
37,H-P-A,A,23,5/5/23,Daph,41,300,
39,H-P-A,A,23,5/5/23,Hydra,3,300,
39,H-P-A,A,23,5/5/23,Daph,53,300,
41,P-A,A,26,5/5/23,Daph,9,10,
43,P-A,A,26,5/5/23,Daph,7,10,
45,P-A,A,26,5/5/23,Daph,66,300,
47,H-P-A,A,26,5/5/23,Hydra,2,300,
47,H-P-A,A,26,5/5/23,Daph,15,300,
49,H-P-A,A,26,5/5/23,Hydra,2,300,
49,H-P-A,A,26,5/5/23,Daph,15,300,
2,P-A,B,14,5/6/23,Daph,27,300,
4,P-A,B,14,5/6/23,Daph,24,300,
6,H-P-A,B,14,5/6/23,Hydra,2,300,
6,H-P-A,B,14,5/6/23,Daph,13,300,
8,H-P-A,B,14,5/6/23,Hydra,2,300,
8,H-P-A,B,14,5/6/23,Daph,8,300,
10,H-P-A,B,14,5/6/23,Hydra,2,300,
10,H-P-A,B,14,5/6/23,Daph,6,300,
12,P-A,B,17,5/6/23,Daph,15,300,
14,P-A,B,17,5/6/23,Daph,23,300,
16,H-P-A,B,17,5/6/23,Hydra,3,300,
16,H-P-A,B,17,5/6/23,Daph,31,300,
18,H-P-A,B,17,5/6/23,Hydra,2,300,
18,H-P-A,B,17,5/6/23,Daph,16,300,
20,H-P-A,B,17,5/6/23,Hydra,2,300,
20,H-P-A,B,17,5/6/23,Daph,14,300,
22,P-A,B,20,5/6/23,Daph,9,10,
24,P-A,B,20,5/6/23,Daph,23,300,
26,H-P-A,B,20,5/6/23,Hydra,1,300,
26,H-P-A,B,20,5/6/23,Daph,47,300,
28,H-P-A,B,20,5/6/23,Hydra,2,300,
28,H-P-A,B,20,5/6/23,Daph,17,300,
30,H-P-A,B,20,5/6/23,Hydra,2,300,
30,H-P-A,B,20,5/6/23,Daph,20,300,
32,P-A,B,23,5/6/23,Daph,7,10,
34,P-A,B,23,5/6/23,Daph,7,10,
36,H-P-A,B,23,5/6/23,Hydra,5,300,
36,H-P-A,B,23,5/6/23,Daph,49,300,
38,H-P-A,B,23,5/6/23,Hydra,2,300,
38,H-P-A,B,23,5/6/23,Daph,22,300,
40,H-P-A,B,23,5/6/23,Hydra,2,300,
40,H-P-A,B,23,5/6/23,Daph,5,10,
42,P-A,B,26,5/6/23,Daph,3,10,
44,P-A,B,26,5/6/23,Daph,5,10,
46,H-P-A,B,26,5/6/23,Hydra,2,300,
46,H-P-A,B,26,5/6/23,Daph,22,300,
48,H-P-A,B,26,5/6/23,Hydra,4,300,
48,H-P-A,B,26,5/6/23,Daph,38,300,
50,H-P-A,B,26,5/6/23,Hydra,2,300,
50,H-P-A,B,26,5/6/23,Daph,40,300,
1,P-A,A,14,5/8/23,Daph,13,300,
3,P-A,A,14,5/8/23,Daph,39,300,
5,P-A,A,14,5/8/23,Daph,10,300,
7,H-P-A,A,14,5/8/23,Hydra,2,300,
7,H-P-A,A,14,5/8/23,Daph,7,300,
9,H-P-A,A,14,5/8/23,Hydra,2,300,
9,H-P-A,A,14,5/8/23,Daph,8,300,
11,P-A,A,17,5/8/23,Daph,31,300,
13,P-A,A,17,5/8/23,Daph,41,300,
15,P-A,A,17,5/8/23,Daph,27,300,
17,H-P-A,A,17,5/8/23,Hydra,3,300,
17,H-P-A,A,17,5/8/23,Daph,35,300,
19,H-P-A,A,17,5/8/23,Hydra,2,300,
19,H-P-A,A,17,5/8/23,Daph,23,300,
21,P-A,A,20,5/8/23,Daph,3,10,
23,P-A,A,20,5/8/23,Daph,4,10,
25,P-A,A,20,5/8/23,Daph,24,300,
27,H-P-A,A,20,5/8/23,Hydra,2,300,
27,H-P-A,A,20,5/8/23,Daph,28,300,
29,H-P-A,A,20,5/8/23,Hydra,2,300,
29,H-P-A,A,20,5/8/23,Daph,13,300,
31,P-A,A,23,5/8/23,Daph,6,10,
33,P-A,A,23,5/8/23,Daph,12,10,
35,P-A,A,23,5/8/23,Daph,7,10,
37,H-P-A,A,23,5/8/23,Hydra,5,300,
37,H-P-A,A,23,5/8/23,Daph,6,10,
39,H-P-A,A,23,5/8/23,Hydra,4,300,
39,H-P-A,A,23,5/8/23,Daph,61,300,
41,P-A,A,26,5/8/23,Daph,9,10,
43,P-A,A,26,5/8/23,Daph,13,10,
45,P-A,A,26,5/8/23,Daph,11,10,
47,H-P-A,A,26,5/8/23,Hydra,2,300,
47,H-P-A,A,26,5/8/23,Daph,22,300,
49,H-P-A,A,26,5/8/23,Hydra,2,300,
49,H-P-A,A,26,5/8/23,Daph,37,300,
2,P-A,B,14,5/9/23,Daph,55,300,
4,P-A,B,14,5/9/23,Daph,21,300,
6,H-P-A,B,14,5/9/23,Hydra,2,300,
6,H-P-A,B,14,5/9/23,Daph,34,300,
8,H-P-A,B,14,5/9/23,Hydra,2,300,
8,H-P-A,B,14,5/9/23,Daph,29,300,
10,H-P-A,B,14,5/9/23,Hydra,2,300,
10,H-P-A,B,14,5/9/23,Daph,10,300,
12,P-A,B,17,5/9/23,Daph,29,300,
14,P-A,B,17,5/9/23,Daph,71,300,
16,H-P-A,B,17,5/9/23,Hydra,3,300,
16,H-P-A,B,17,5/9/23,Daph,42,300,
18,H-P-A,B,17,5/9/23,Hydra,1,300,
18,H-P-A,B,17,5/9/23,Daph,34,300,
20,H-P-A,B,17,5/9/23,Hydra,2,300,
20,H-P-A,B,17,5/9/23,Daph,47,300,
22,P-A,B,20,5/9/23,Daph,17,10,
24,P-A,B,20,5/9/23,Daph,25,300,
26,H-P-A,B,20,5/9/23,Hydra,2,300,
26,H-P-A,B,20,5/9/23,Daph,42,300,
28,H-P-A,B,20,5/9/23,Hydra,2,300,
28,H-P-A,B,20,5/9/23,Daph,16,300,
30,H-P-A,B,20,5/9/23,Hydra,2,300,
30,H-P-A,B,20,5/9/23,Daph,36,300,
32,P-A,B,23,5/9/23,Daph,77,300,
34,P-A,B,23,5/9/23,Daph,9,10,
36,H-P-A,B,23,5/9/23,Hydra,4,300,
36,H-P-A,B,23,5/9/23,Daph,25,300,
38,H-P-A,B,23,5/9/23,Hydra,3,300,
38,H-P-A,B,23,5/9/23,Daph,62,300,
40,H-P-A,B,23,5/9/23,Hydra,3,300,
40,H-P-A,B,23,5/9/23,Daph,29,300,
42,P-A,B,26,5/9/23,Daph,12,10,
44,P-A,B,26,5/9/23,Daph,9,10,
46,H-P-A,B,26,5/9/23,Hydra,4,300,
46,H-P-A,B,26,5/9/23,Daph,43,300,
48,H-P-A,B,26,5/9/23,Hydra,4,300,
48,H-P-A,B,26,5/9/23,Daph,28,300,
50,H-P-A,B,26,5/9/23,Hydra,4,300,
50,H-P-A,B,26,5/9/23,Daph,40,300,
1,P-A,A,14,5/10/23,Daph,26,300,
3,P-A,A,14,5/10/23,Daph,53,300,
5,P-A,A,14,5/10/23,Daph,19,300,
7,H-P-A,A,14,5/10/23,Hydra,2,300,
7,H-P-A,A,14,5/10/23,Daph,9,300,
9,H-P-A,A,14,5/10/23,Hydra,2,300,
9,H-P-A,A,14,5/10/23,Daph,37,300,
11,P-A,A,17,5/10/23,Daph,86,300,
13,P-A,A,17,5/10/23,Daph,65,300,
15,P-A,A,17,5/10/23,Daph,42,300,
17,H-P-A,A,17,5/10/23,Hydra,3,300,
17,H-P-A,A,17,5/10/23,Daph,72,300,
19,H-P-A,A,17,5/10/23,Hydra,2,300,
19,H-P-A,A,17,5/10/23,Daph,59,300,
21,P-A,A,20,5/10/23,Daph,8,10,
23,P-A,A,20,5/10/23,Daph,4,10,
25,P-A,A,20,5/10/23,Daph,38,300,
27,H-P-A,A,20,5/10/23,Hydra,2,300,
27,H-P-A,A,20,5/10/23,Daph,56,300,
29,H-P-A,A,20,5/10/23,Hydra,7,300,
29,H-P-A,A,20,5/10/23,Daph,7,300,
31,P-A,A,23,5/10/23,Daph,4,10,
33,P-A,A,23,5/10/23,Daph,11,10,
35,P-A,A,23,5/10/23,Daph,11,10,
37,H-P-A,A,23,5/10/23,Hydra,8,300,
37,H-P-A,A,23,5/10/23,Daph,74,300,
39,H-P-A,A,23,5/10/23,Hydra,5,300,
39,H-P-A,A,23,5/10/23,Daph,73,300,
41,P-A,A,26,5/10/23,Daph,7,10,
43,P-A,A,26,5/10/23,Daph,19,10,
45,P-A,A,26,5/10/23,Daph,9,10,
47,H-P-A,A,26,5/10/23,Hydra,3,300,
47,H-P-A,A,26,5/10/23,Daph,71,300,
49,H-P-A,A,26,5/10/23,Hydra,2,300,
49,H-P-A,A,26,5/10/23,Daph,4,10,
2,P-A,B,14,5/11/23,Daph,9,10,
4,P-A,B,14,5/11/23,Daph,4,10,
6,H-P-A,B,14,5/11/23,Hydra,2,300,
6,H-P-A,B,14,5/11/23,Daph,28,300,
8,H-P-A,B,14,5/11/23,Hydra,2,300,
8,H-P-A,B,14,5/11/23,Daph,40,300,
10,H-P-A,B,14,5/11/23,Hydra,2,300,
10,H-P-A,B,14,5/11/23,Daph,13,300,
12,P-A,B,17,5/11/23,Daph,6,10,
14,P-A,B,17,5/11/23,Daph,5,10,
16,H-P-A,B,17,5/11/23,Hydra,3,300,
16,H-P-A,B,17,5/11/23,Daph,60,300,
18,H-P-A,B,17,5/11/23,Hydra,1,300,
18,H-P-A,B,17,5/11/23,Daph,55,300,
20,H-P-A,B,17,5/11/23,Hydra,2,300,
20,H-P-A,B,17,5/11/23,Daph,5,10,
22,P-A,B,20,5/11/23,Daph,11,10,
24,P-A,B,20,5/11/23,Daph,5,10,
26,H-P-A,B,20,5/11/23,Hydra,3,300,
26,H-P-A,B,20,5/11/23,Daph,2,10,
28,H-P-A,B,20,5/11/23,Hydra,3,300,
28,H-P-A,B,20,5/11/23,Daph,21,300,
30,H-P-A,B,20,5/11/23,Hydra,3,300,
30,H-P-A,B,20,5/11/23,Daph,4,10,
32,P-A,B,23,5/11/23,Daph,11,10,
34,P-A,B,23,5/11/23,Daph,11,10,
36,H-P-A,B,23,5/11/23,Hydra,5,300,
36,H-P-A,B,23,5/11/23,Daph,34,300,
38,H-P-A,B,23,5/11/23,Hydra,5,300,
38,H-P-A,B,23,5/11/23,Daph,39,300,
40,H-P-A,B,23,5/11/23,Hydra,5,300,
40,H-P-A,B,23,5/11/23,Daph,28,300,
42,P-A,B,26,5/11/23,Daph,12,10,
44,P-A,B,26,5/11/23,Daph,10,10,
46,H-P-A,B,26,5/11/23,Hydra,5,300,
46,H-P-A,B,26,5/11/23,Daph,18,300,
48,H-P-A,B,26,5/11/23,Hydra,3,300,
48,H-P-A,B,26,5/11/23,Daph,4,10,
50,H-P-A,B,26,5/11/23,Hydra,6,300,
50,H-P-A,B,26,5/11/23,Daph,33,300,
1,P-A,A,14,5/12/23,Daph,35,300,
3,P-A,A,14,5/12/23,Daph,6,10,
5,P-A,A,14,5/12/23,Daph,22,300,
7,H-P-A,A,14,5/12/23,Hydra,2,300,
7,H-P-A,A,14,5/12/23,Daph,9,300,
9,H-P-A,A,14,5/12/23,Hydra,2,300,
9,H-P-A,A,14,5/12/23,Daph,40,300,
11,P-A,A,17,5/12/23,Daph,4,10,
13,P-A,A,17,5/12/23,Daph,4,10,
15,P-A,A,17,5/12/23,Daph,8,10,
17,H-P-A,A,17,5/12/23,Hydra,3,300,
17,H-P-A,A,17,5/12/23,Daph,42,300,
19,H-P-A,A,17,5/12/23,Hydra,2,300,
19,H-P-A,A,17,5/12/23,Daph,6,10,
21,P-A,A,20,5/12/23,Daph,13,10,
23,P-A,A,20,5/12/23,Daph,10,10,
25,P-A,A,20,5/12/23,Daph,15,300,
27,H-P-A,A,20,5/12/23,Hydra,4,300,
27,H-P-A,A,20,5/12/23,Daph,29,300,
29,H-P-A,A,20,5/12/23,Hydra,6,300,
29,H-P-A,A,20,5/12/23,Daph,2,300,
31,P-A,A,23,5/12/23,Daph,9,10,
33,P-A,A,23,5/12/23,Daph,8,10,
35,P-A,A,23,5/12/23,Daph,8,10,
37,H-P-A,A,23,5/12/23,Hydra,9,300,
37,H-P-A,A,23,5/12/23,Daph,16,300,
39,H-P-A,A,23,5/12/23,Hydra,7,300,
39,H-P-A,A,23,5/12/23,Daph,32,300,
41,P-A,A,26,5/12/23,Daph,8,10,
43,P-A,A,26,5/12/23,Daph,10,10,
45,P-A,A,26,5/12/23,Daph,7,10,
47,H-P-A,A,26,5/12/23,Hydra,4,300,
47,H-P-A,A,26,5/12/23,Daph,47,300,
49,H-P-A,A,26,5/12/23,Hydra,3,300,
49,H-P-A,A,26,5/12/23,Daph,49,300,
2,P-A,B,14,5/13/23,Daph,47,300,
4,P-A,B,14,5/13/23,Daph,6,10,
6,H-P-A,B,14,5/13/23,Hydra,2,300,
6,H-P-A,B,14,5/13/23,Daph,22,300,
8,H-P-A,B,14,5/13/23,Hydra,2,300,
8,H-P-A,B,14,5/13/23,Daph,23,300,
10,H-P-A,B,14,5/13/23,Hydra,2,300,
10,H-P-A,B,14,5/13/23,Daph,11,300,
12,P-A,B,17,5/13/23,Daph,7,10,
14,P-A,B,17,5/13/23,Daph,5,10,
16,H-P-A,B,17,5/13/23,Hydra,3,300,
16,H-P-A,B,17,5/13/23,Daph,5,10,
18,H-P-A,B,17,5/13/23,Hydra,1,300,
18,H-P-A,B,17,5/13/23,Daph,53,300,
20,H-P-A,B,17,5/13/23,Hydra,2,300,
20,H-P-A,B,17,5/13/23,Daph,88,300,
22,P-A,B,20,5/13/23,Daph,7,10,
24,P-A,B,20,5/13/23,Daph,2,10,
26,H-P-A,B,20,5/13/23,Hydra,4,300,
26,H-P-A,B,20,5/13/23,Daph,31,300,
28,H-P-A,B,20,5/13/23,Hydra,3,300,
28,H-P-A,B,20,5/13/23,Daph,19,300,
30,H-P-A,B,20,5/13/23,Hydra,6,300,
30,H-P-A,B,20,5/13/23,Daph,41,300,
32,P-A,B,23,5/13/23,Daph,2,10,
34,P-A,B,23,5/13/23,Daph,4,10,
36,H-P-A,B,23,5/13/23,Hydra,7,300,
36,H-P-A,B,23,5/13/23,Daph,44,300,
38,H-P-A,B,23,5/13/23,Hydra,6,300,
38,H-P-A,B,23,5/13/23,Daph,47,300,
40,H-P-A,B,23,5/13/23,Hydra,7,300,
40,H-P-A,B,23,5/13/23,Daph,45,300,
42,P-A,B,26,5/13/23,Daph,7,10,
44,P-A,B,26,5/13/23,Daph,7,10,
46,H-P-A,B,26,5/13/23,Hydra,5,300,
46,H-P-A,B,26,5/13/23,Daph,41,300,
48,H-P-A,B,26,5/13/23,Hydra,5,300,
48,H-P-A,B,26,5/13/23,Daph,38,300,
50,H-P-A,B,26,5/13/23,Hydra,9,300,
50,H-P-A,B,26,5/13/23,Daph,17,300,
1,P-A,A,14,5/15/23,Daph,31,300,
3,P-A,A,14,5/15/23,Daph,5,10,
5,P-A,A,14,5/15/23,Daph,32,300,
7,H-P-A,A,14,5/15/23,Hydra,2,300,
7,H-P-A,A,14,5/15/23,Daph,6,300,
9,H-P-A,A,14,5/15/23,Hydra,2,300,
9,H-P-A,A,14,5/15/23,Daph,28,300,
11,P-A,A,17,5/15/23,Daph,105,300,
13,P-A,A,17,5/15/23,Daph,7,10,
15,P-A,A,17,5/15/23,Daph,5,10,
17,H-P-A,A,17,5/15/23,Hydra,4,300,
17,H-P-A,A,17,5/15/23,Daph,48,300,
19,H-P-A,A,17,5/15/23,Hydra,3,300,
19,H-P-A,A,17,5/15/23,Daph,71,300,
21,P-A,A,20,5/15/23,Daph,15,10,
23,P-A,A,20,5/15/23,Daph,16,10,
25,P-A,A,20,5/15/23,Daph,16,300,
27,H-P-A,A,20,5/15/23,Hydra,5,300,
27,H-P-A,A,20,5/15/23,Daph,18,300,
29,H-P-A,A,20,5/15/23,Hydra,9,300,
29,H-P-A,A,20,5/15/23,Daph,0,300,
31,P-A,A,23,5/15/23,Daph,5,10,
33,P-A,A,23,5/15/23,Daph,10,10,
35,P-A,A,23,5/15/23,Daph,64,300,
37,H-P-A,A,23,5/15/23,Hydra,22,300,
37,H-P-A,A,23,5/15/23,Daph,10,300,
39,H-P-A,A,23,5/15/23,Hydra,12,300,
39,H-P-A,A,23,5/15/23,Daph,42,300,
41,P-A,A,26,5/15/23,Daph,6,10,
43,P-A,A,26,5/15/23,Daph,48,300,
45,P-A,A,26,5/15/23,Daph,5,10,
47,H-P-A,A,26,5/15/23,Hydra,6,300,
47,H-P-A,A,26,5/15/23,Daph,54,300,
49,H-P-A,A,26,5/15/23,Hydra,5,300,
49,H-P-A,A,26,5/15/23,Daph,63,300,
2,P-A,B,14,5/16/23,Daph,7,10,
4,P-A,B,14,5/16/23,Daph,7,10,
6,H-P-A,B,14,5/16/23,Hydra,2,300,
6,H-P-A,B,14,5/16/23,Daph,27,300,
8,H-P-A,B,14,5/16/23,Hydra,2,300,
8,H-P-A,B,14,5/16/23,Daph,32,300,
10,H-P-A,B,14,5/16/23,Hydra,2,300,
10,H-P-A,B,14,5/16/23,Daph,21,300,
12,P-A,B,17,5/16/23,Daph,9,10,
14,P-A,B,17,5/16/23,Daph,7,10,
16,H-P-A,B,17,5/16/23,Hydra,4,300,
16,H-P-A,B,17,5/16/23,Daph,55,300,
18,H-P-A,B,17,5/16/23,Hydra,1,300,
18,H-P-A,B,17,5/16/23,Daph,4,10,
20,H-P-A,B,17,5/16/23,Hydra,4,300,
20,H-P-A,B,17,5/16/23,Daph,4,10,
22,P-A,B,20,5/16/23,Daph,7,10,
24,P-A,B,20,5/16/23,Daph,9,10,
26,H-P-A,B,20,5/16/23,Hydra,8,300,
26,H-P-A,B,20,5/16/23,Daph,29,300,
28,H-P-A,B,20,5/16/23,Hydra,3,300,
28,H-P-A,B,20,5/16/23,Daph,38,300,
30,H-P-A,B,20,5/16/23,Hydra,9,300,
30,H-P-A,B,20,5/16/23,Daph,47,300,
32,P-A,B,23,5/16/23,Daph,74,300,
34,P-A,B,23,5/16/23,Daph,7,10,
36,H-P-A,B,23,5/16/23,Hydra,8,300,
36,H-P-A,B,23,5/16/23,Daph,34,300,
38,H-P-A,B,23,5/16/23,Hydra,8,300,
38,H-P-A,B,23,5/16/23,Daph,43,300,
40,H-P-A,B,23,5/16/23,Hydra,8,300,
40,H-P-A,B,23,5/16/23,Daph,11,300,
42,P-A,B,26,5/16/23,Daph,7,10,
44,P-A,B,26,5/16/23,Daph,22,300,
46,H-P-A,B,26,5/16/23,Hydra,7,300,
46,H-P-A,B,26,5/16/23,Daph,16,300,
48,H-P-A,B,26,5/16/23,Hydra,7,300,
48,H-P-A,B,26,5/16/23,Daph,22,300,
50,H-P-A,B,26,5/16/23,Hydra,10,300,
50,H-P-A,B,26,5/16/23,Daph,8,300,
1,P-A,A,14,5/17/23,Daph,41,300,
3,P-A,A,14,5/17/23,Daph,5,10,
5,P-A,A,14,5/17/23,Daph,43,300,
7,H-P-A,A,14,5/17/23,Hydra,2,300,
7,H-P-A,A,14,5/17/23,Daph,9,300,
9,H-P-A,A,14,5/17/23,Hydra,2,300,
9,H-P-A,A,14,5/17/23,Daph,36,300,
11,P-A,A,17,5/17/23,Daph,10,10,
13,P-A,A,17,5/17/23,Daph,5,10,
15,P-A,A,17,5/17/23,Daph,9,10,
17,H-P-A,A,17,5/17/23,Hydra,6,300,
17,H-P-A,A,17,5/17/23,Daph,50,300,
19,H-P-A,A,17,5/17/23,Hydra,5,300,
19,H-P-A,A,17,5/17/23,Daph,59,300,
21,P-A,A,20,5/17/23,Daph,13,10,
23,P-A,A,20,5/17/23,Daph,8,10,
25,P-A,A,20,5/17/23,Daph,17,300,
27,H-P-A,A,20,5/17/23,Hydra,6,300,
27,H-P-A,A,20,5/17/23,Daph,20,300,
29,H-P-A,A,20,5/17/23,Hydra,7,300,
29,H-P-A,A,20,5/17/23,Daph,0,300,
31,P-A,A,23,5/17/23,Daph,5,10,
33,P-A,A,23,5/17/23,Daph,8,10,
35,P-A,A,23,5/17/23,Daph,3,10,
37,H-P-A,A,23,5/17/23,Hydra,26,300,
37,H-P-A,A,23,5/17/23,Daph,3,300,
39,H-P-A,A,23,5/17/23,Hydra,12,300,
39,H-P-A,A,23,5/17/23,Daph,39,300,
41,P-A,A,26,5/17/23,Daph,4,10,
43,P-A,A,26,5/17/23,Daph,5,10,
45,P-A,A,26,5/17/23,Daph,7,10,
47,H-P-A,A,26,5/17/23,Hydra,10,300,
47,H-P-A,A,26,5/17/23,Daph,1,300,
49,H-P-A,A,26,5/17/23,Hydra,7,300,
49,H-P-A,A,26,5/17/23,Daph,16,300,
2,P-A,B,14,5/18/23,Daph,6,10,
4,P-A,B,14,5/18/23,Daph,4,10,
6,H-P-A,B,14,5/18/23,Hydra,3,300,
6,H-P-A,B,14,5/18/23,Daph,40,300,
8,H-P-A,B,14,5/18/23,Hydra,3,300,
8,H-P-A,B,14,5/18/23,Daph,45,300,
10,H-P-A,B,14,5/18/23,Hydra,2,300,
10,H-P-A,B,14,5/18/23,Daph,16,300,
12,P-A,B,17,5/18/23,Daph,5,10,
14,P-A,B,17,5/18/23,Daph,7,10,
16,H-P-A,B,17,5/18/23,Hydra,5,300,
16,H-P-A,B,17,5/18/23,Daph,60,300,
18,H-P-A,B,17,5/18/23,Hydra,1,300,
18,H-P-A,B,17,5/18/23,Daph,11,10,
20,H-P-A,B,17,5/18/23,Hydra,4,300,
20,H-P-A,B,17,5/18/23,Daph,71,300,
22,P-A,B,20,5/18/23,Daph,10,10,
24,P-A,B,20,5/18/23,Daph,7,10,
26,H-P-A,B,20,5/18/23,Hydra,10,300,
26,H-P-A,B,20,5/18/23,Daph,33,300,
28,H-P-A,B,20,5/18/23,Hydra,3,300,
28,H-P-A,B,20,5/18/23,Daph,34,300,
30,H-P-A,B,20,5/18/23,Hydra,11,300,
30,H-P-A,B,20,5/18/23,Daph,29,300,
32,P-A,B,23,5/18/23,Daph,59,300,
34,P-A,B,23,5/18/23,Daph,69,300,
36,H-P-A,B,23,5/18/23,Hydra,8,300,
36,H-P-A,B,23,5/18/23,Daph,19,300,
38,H-P-A,B,23,5/18/23,Hydra,8,300,
38,H-P-A,B,23,5/18/23,Daph,24,300,
40,H-P-A,B,23,5/18/23,Hydra,8,300,
40,H-P-A,B,23,5/18/23,Daph,13,300,
42,P-A,B,26,5/18/23,Daph,14,300,
44,P-A,B,26,5/18/23,Daph,8,300,
46,H-P-A,B,26,5/18/23,Hydra,8,300,
46,H-P-A,B,26,5/18/23,Daph,19,300,
48,H-P-A,B,26,5/18/23,Hydra,11,300,
48,H-P-A,B,26,5/18/23,Daph,7,300,
50,H-P-A,B,26,5/18/23,Hydra,12,300,
50,H-P-A,B,26,5/18/23,Daph,3,300,
1,P-A,A,14,5/19/23,Daph,54,300,
3,P-A,A,14,5/19/23,Daph,6,10,
5,P-A,A,14,5/19/23,Daph,45,300,
7,H-P-A,A,14,5/19/23,Hydra,2,300,
7,H-P-A,A,14,5/19/23,Daph,11,300,
9,H-P-A,A,14,5/19/23,Hydra,2,300,
9,H-P-A,A,14,5/19/23,Daph,24,300,
11,P-A,A,17,5/19/23,Daph,11,10,
13,P-A,A,17,5/19/23,Daph,8,10,
15,P-A,A,17,5/19/23,Daph,9,10,
17,H-P-A,A,17,5/19/23,Hydra,7,300,
17,H-P-A,A,17,5/19/23,Daph,60,300,
19,H-P-A,A,17,5/19/23,Hydra,5,300,
19,H-P-A,A,17,5/19/23,Daph,40,300,
21,P-A,A,20,5/19/23,Daph,12,10,
23,P-A,A,20,5/19/23,Daph,6,10,
25,P-A,A,20,5/19/23,Daph,42,300,
27,H-P-A,A,20,5/19/23,Hydra,8,300,
27,H-P-A,A,20,5/19/23,Daph,66,300,
29,H-P-A,A,20,5/19/23,Hydra,8,300,
29,H-P-A,A,20,5/19/23,Daph,0,300,
31,P-A,A,23,5/19/23,Daph,7,10,
33,P-A,A,23,5/19/23,Daph,9,10,
35,P-A,A,23,5/19/23,Daph,69,300,
37,H-P-A,A,23,5/19/23,Hydra,24,300,
37,H-P-A,A,23,5/19/23,Daph,5,300,
39,H-P-A,A,23,5/19/23,Hydra,11,300,
39,H-P-A,A,23,5/19/23,Daph,51,300,
41,P-A,A,26,5/19/23,Daph,85,300,
43,P-A,A,26,5/19/23,Daph,64,300,
45,P-A,A,26,5/19/23,Daph,50,300,
47,H-P-A,A,26,5/19/23,Hydra,13,300,
47,H-P-A,A,26,5/19/23,Daph,0,300,
49,H-P-A,A,26,5/19/23,Hydra,15,300,
49,H-P-A,A,26,5/19/23,Daph,48,300,
2,P-A,B,14,5/20/23,Daph,9,10,
4,P-A,B,14,5/20/23,Daph,13,10,
6,H-P-A,B,14,5/20/23,Hydra,4,300,
6,H-P-A,B,14,5/20/23,Daph,33,300,
8,H-P-A,B,14,5/20/23,Hydra,4,300,
8,H-P-A,B,14,5/20/23,Daph,43,300,
10,H-P-A,B,14,5/20/23,Hydra,2,300,
10,H-P-A,B,14,5/20/23,Daph,21,300,
12,P-A,B,17,5/20/23,Daph,7,10,
14,P-A,B,17,5/20/23,Daph,10,10,
16,H-P-A,B,17,5/20/23,Hydra,6,300,
16,H-P-A,B,17,5/20/23,Daph,35,300,
18,H-P-A,B,17,5/20/23,Hydra,2,300,
18,H-P-A,B,17,5/20/23,Daph,54,300,
20,H-P-A,B,17,5/20/23,Hydra,4,300,
20,H-P-A,B,17,5/20/23,Daph,4,10,
22,P-A,B,20,5/20/23,Daph,6,10,
24,P-A,B,20,5/20/23,Daph,7,10,
26,H-P-A,B,20,5/20/23,Hydra,11,300,
26,H-P-A,B,20,5/20/23,Daph,33,300,
28,H-P-A,B,20,5/20/23,Hydra,3,300,
28,H-P-A,B,20,5/20/23,Daph,56,300,
30,H-P-A,B,20,5/20/23,Hydra,14,300,
30,H-P-A,B,20,5/20/23,Daph,29,300,
32,P-A,B,23,5/20/23,Daph,3,10,
34,P-A,B,23,5/20/23,Daph,8,10,
36,H-P-A,B,23,5/20/23,Hydra,7,300,
36,H-P-A,B,23,5/20/23,Daph,20,300,
38,H-P-A,B,23,5/20/23,Hydra,8,300,
38,H-P-A,B,23,5/20/23,Daph,22,300,
40,H-P-A,B,23,5/20/23,Hydra,9,300,
40,H-P-A,B,23,5/20/23,Daph,30,300,
42,P-A,B,26,5/20/23,Daph,30,300,
44,P-A,B,26,5/20/23,Daph,5,300,
46,H-P-A,B,26,5/20/23,Hydra,7,300,
46,H-P-A,B,26,5/20/23,Daph,7,300,
48,H-P-A,B,26,5/20/23,Hydra,11,300,
48,H-P-A,B,26,5/20/23,Daph,21,300,
50,H-P-A,B,26,5/20/23,Hydra,12,300,
50,H-P-A,B,26,5/20/23,Daph,4,300,
1,P-A,A,14,5/22/23,Daph,2,10,
3,P-A,A,14,5/22/23,Daph,9,10,
5,P-A,A,14,5/22/23,Daph,56,300,
7,H-P-A,A,14,5/22/23,Hydra,2,300,
7,H-P-A,A,14,5/22/23,Daph,10,300,
9,H-P-A,A,14,5/22/23,Hydra,3,300,
9,H-P-A,A,14,5/22/23,Daph,43,300,
11,P-A,A,17,5/22/23,Daph,5,10,
13,P-A,A,17,5/22/23,Daph,14,10,
15,P-A,A,17,5/22/23,Daph,6,10,
17,H-P-A,A,17,5/22/23,Hydra,10,300,
17,H-P-A,A,17,5/22/23,Daph,29,300,
19,H-P-A,A,17,5/22/23,Hydra,6,300,
19,H-P-A,A,17,5/22/23,Daph,64,300,
21,P-A,A,20,5/22/23,Daph,12,10,
23,P-A,A,20,5/22/23,Daph,4,10,
25,P-A,A,20,5/22/23,Daph,33,300,
27,H-P-A,A,20,5/22/23,Hydra,9,300,
27,H-P-A,A,20,5/22/23,Daph,56,300,
29,H-P-A,A,20,5/22/23,Hydra,7,300,
29,H-P-A,A,20,5/22/23,Daph,0,300,
31,P-A,A,23,5/22/23,Daph,68,300,
33,P-A,A,23,5/22/23,Daph,7,10,
35,P-A,A,23,5/22/23,Daph,6,10,
37,H-P-A,A,23,5/22/23,Hydra,22,300,
37,H-P-A,A,23,5/22/23,Daph,5,300,
39,H-P-A,A,23,5/22/23,Hydra,12,300,
39,H-P-A,A,23,5/22/23,Daph,63,300,
41,P-A,A,26,5/22/23,Daph,68,300,
43,P-A,A,26,5/22/23,Daph,3,10,
45,P-A,A,26,5/22/23,Daph,26,300,
47,H-P-A,A,26,5/22/23,Hydra,11,300,
47,H-P-A,A,26,5/22/23,Daph,0,300,
49,H-P-A,A,26,5/22/23,Hydra,15,300,
49,H-P-A,A,26,5/22/23,Daph,4,300,
2,P-A,B,14,5/23/23,Daph,5,10,
4,P-A,B,14,5/23/23,Daph,98,300,
6,H-P-A,B,14,5/23/23,Hydra,6,300,
6,H-P-A,B,14,5/23/23,Daph,50,300,
8,H-P-A,B,14,5/23/23,Hydra,3,300,
8,H-P-A,B,14,5/23/23,Daph,52,300,
10,H-P-A,B,14,5/23/23,Hydra,2,300,
10,H-P-A,B,14,5/23/23,Daph,20,300,
12,P-A,B,17,5/23/23,Daph,9,10,
14,P-A,B,17,5/23/23,Daph,7,10,
16,H-P-A,B,17,5/23/23,Hydra,5,300,
16,H-P-A,B,17,5/23/23,Daph,80,300,
18,H-P-A,B,17,5/23/23,Hydra,2,300,
18,H-P-A,B,17,5/23/23,Daph,78,300,
20,H-P-A,B,17,5/23/23,Hydra,6,300,
20,H-P-A,B,17,5/23/23,Daph,83,300,
22,P-A,B,20,5/23/23,Daph,66,300,
24,P-A,B,20,5/23/23,Daph,61,300,
26,H-P-A,B,20,5/23/23,Hydra,11,300,
26,H-P-A,B,20,5/23/23,Daph,24,300,
28,H-P-A,B,20,5/23/23,Hydra,3,300,
28,H-P-A,B,20,5/23/23,Daph,18,300,
30,H-P-A,B,20,5/23/23,Hydra,21,300,
30,H-P-A,B,20,5/23/23,Daph,37,300,
32,P-A,B,23,5/23/23,Daph,80,300,
34,P-A,B,23,5/23/23,Daph,29,300,
36,H-P-A,B,23,5/23/23,Hydra,10,300,
36,H-P-A,B,23,5/23/23,Daph,20,300,
38,H-P-A,B,23,5/23/23,Hydra,10,300,
38,H-P-A,B,23,5/23/23,Daph,27,300,
40,H-P-A,B,23,5/23/23,Hydra,10,300,
40,H-P-A,B,23,5/23/23,Daph,25,300,
42,P-A,B,26,5/23/23,Daph,67,300,
44,P-A,B,26,5/23/23,Daph,0,300,
46,H-P-A,B,26,5/23/23,Hydra,9,300,
46,H-P-A,B,26,5/23/23,Daph,22,300,
48,H-P-A,B,26,5/23/23,Hydra,11,300,
48,H-P-A,B,26,5/23/23,Daph,6,300,
50,H-P-A,B,26,5/23/23,Hydra,14,300,
50,H-P-A,B,26,5/23/23,Daph,1,300,
1,P-A,A,14,5/24/23,Daph,11,10,
3,P-A,A,14,5/24/23,Daph,9,10,
5,P-A,A,14,5/24/23,Daph,6,10,
7,H-P-A,A,14,5/24/23,Hydra,2,300,
7,H-P-A,A,14,5/24/23,Daph,21,300,
9,H-P-A,A,14,5/24/23,Hydra,3,300,
9,H-P-A,A,14,5/24/23,Daph,34,300,
11,P-A,A,17,5/24/23,Daph,6,10,
13,P-A,A,17,5/24/23,Daph,6,10,
15,P-A,A,17,5/24/23,Daph,5,10,
17,H-P-A,A,17,5/24/23,Hydra,11,300,
17,H-P-A,A,17,5/24/23,Daph,38,300,
19,H-P-A,A,17,5/24/23,Hydra,8,300,
19,H-P-A,A,17,5/24/23,Daph,89,300,
21,P-A,A,20,5/24/23,Daph,5,10,
23,P-A,A,20,5/24/23,Daph,74,300,
25,P-A,A,20,5/24/23,Daph,11,300,
27,H-P-A,A,20,5/24/23,Hydra,12,300,
27,H-P-A,A,20,5/24/23,Daph,76,300,
29,H-P-A,A,20,5/24/23,Hydra,6,300,
29,H-P-A,A,20,5/24/23,Daph,0,300,
31,P-A,A,23,5/24/23,Daph,33,300,
33,P-A,A,23,5/24/23,Daph,10,10,
35,P-A,A,23,5/24/23,Daph,5,10,
37,H-P-A,A,23,5/24/23,Hydra,21,300,
37,H-P-A,A,23,5/24/23,Daph,4,300,
39,H-P-A,A,23,5/24/23,Hydra,12,300,
39,H-P-A,A,23,5/24/23,Daph,64,300,
41,P-A,A,26,5/24/23,Daph,61,300,
43,P-A,A,26,5/24/23,Daph,69,300,
45,P-A,A,26,5/24/23,Daph,18,300,
47,H-P-A,A,26,5/24/23,Hydra,5,300,
47,H-P-A,A,26,5/24/23,Daph,0,300,
49,H-P-A,A,26,5/24/23,Hydra,15,300,
49,H-P-A,A,26,5/24/23,Daph,0,300,
2,P-A,B,14,5/25/23,Daph,10,10,
4,P-A,B,14,5/25/23,Daph,68,300,
6,H-P-A,B,14,5/25/23,Hydra,6,300,
6,H-P-A,B,14,5/25/23,Daph,41,300,
8,H-P-A,B,14,5/25/23,Hydra,5,300,
8,H-P-A,B,14,5/25/23,Daph,30,300,
10,H-P-A,B,14,5/25/23,Hydra,2,300,
10,H-P-A,B,14,5/25/23,Daph,15,300,
12,P-A,B,17,5/25/23,Daph,10,10,
14,P-A,B,17,5/25/23,Daph,8,10,
16,H-P-A,B,17,5/25/23,Hydra,5,300,
16,H-P-A,B,17,5/25/23,Daph,72,300,
18,H-P-A,B,17,5/25/23,Hydra,2,300,
18,H-P-A,B,17,5/25/23,Daph,63,300,
20,H-P-A,B,17,5/25/23,Hydra,6,300,
20,H-P-A,B,17,5/25/23,Daph,51,300,
22,P-A,B,20,5/25/23,Daph,79,300,
24,P-A,B,20,5/25/23,Daph,44,300,
26,H-P-A,B,20,5/25/23,Hydra,12,300,
26,H-P-A,B,20,5/25/23,Daph,27,300,
28,H-P-A,B,20,5/25/23,Hydra,4,300,
28,H-P-A,B,20,5/25/23,Daph,22,300,
30,H-P-A,B,20,5/25/23,Hydra,18,300,
30,H-P-A,B,20,5/25/23,Daph,28,300,
32,P-A,B,23,5/25/23,Daph,8,10,
34,P-A,B,23,5/25/23,Daph,3,10,
36,H-P-A,B,23,5/25/23,Hydra,9,300,
36,H-P-A,B,23,5/25/23,Daph,16,300,
38,H-P-A,B,23,5/25/23,Hydra,10,300,
38,H-P-A,B,23,5/25/23,Daph,7,300,
40,H-P-A,B,23,5/25/23,Hydra,10,300,
40,H-P-A,B,23,5/25/23,Daph,23,300,
42,P-A,B,26,5/25/23,Daph,4,10,
44,P-A,B,26,5/25/23,Daph,0,300,
46,H-P-A,B,26,5/25/23,Hydra,9,300,
46,H-P-A,B,26,5/25/23,Daph,7,300,
48,H-P-A,B,26,5/25/23,Hydra,11,300,
48,H-P-A,B,26,5/25/23,Daph,0,300,
50,H-P-A,B,26,5/25/23,Hydra,12,300,
50,H-P-A,B,26,5/25/23,Daph,4,300,
1,P-A,A,14,5/26/23,Daph,12,10,
3,P-A,A,14,5/26/23,Daph,9,10,
5,P-A,A,14,5/26/23,Daph,13,10,
7,H-P-A,A,14,5/26/23,Hydra,2,300,
7,H-P-A,A,14,5/26/23,Daph,25,300,
9,H-P-A,A,14,5/26/23,Hydra,4,300,
9,H-P-A,A,14,5/26/23,Daph,30,300,
11,P-A,A,17,5/26/23,Daph,9,10,
13,P-A,A,17,5/26/23,Daph,9,10,
15,P-A,A,17,5/26/23,Daph,10,10,
17,H-P-A,A,17,5/26/23,Hydra,12,300,
17,H-P-A,A,17,5/26/23,Daph,18,300,
19,H-P-A,A,17,5/26/23,Hydra,8,300,
19,H-P-A,A,17,5/26/23,Daph,84,300,
21,P-A,A,20,5/26/23,Daph,7,10,
23,P-A,A,20,5/26/23,Daph,61,300,
25,P-A,A,20,5/26/23,Daph,13,300,
27,H-P-A,A,20,5/26/23,Hydra,13,300,
27,H-P-A,A,20,5/26/23,Daph,83,300,
29,H-P-A,A,20,5/26/23,Hydra,7,300,
29,H-P-A,A,20,5/26/23,Daph,0,300,
31,P-A,A,23,5/26/23,Daph,16,300,
33,P-A,A,23,5/26/23,Daph,83,300,
35,P-A,A,23,5/26/23,Daph,8,10,
37,H-P-A,A,23,5/26/23,Hydra,17,300,
37,H-P-A,A,23,5/26/23,Daph,3,300,
39,H-P-A,A,23,5/26/23,Hydra,13,300,
39,H-P-A,A,23,5/26/23,Daph,69,300,
41,P-A,A,26,5/26/23,Daph,49,300,
43,P-A,A,26,5/26/23,Daph,67,300,
45,P-A,A,26,5/26/23,Daph,11,300,
47,H-P-A,A,26,5/26/23,Hydra,9,300,
47,H-P-A,A,26,5/26/23,Daph,0,300,
49,H-P-A,A,26,5/26/23,Hydra,14,300,
49,H-P-A,A,26,5/26/23,Daph,0,300,
2,P-A,B,14,5/27/23,Daph,9,10,
4,P-A,B,14,5/27/23,Daph,6,10,
6,H-P-A,B,14,5/27/23,Hydra,6,300,
6,H-P-A,B,14,5/27/23,Daph,35,300,
8,H-P-A,B,14,5/27/23,Hydra,6,300,
8,H-P-A,B,14,5/27/23,Daph,51,300,
10,H-P-A,B,14,5/27/23,Hydra,2,300,
10,H-P-A,B,14,5/27/23,Daph,19,300,
12,P-A,B,17,5/27/23,Daph,16,10,
14,P-A,B,17,5/27/23,Daph,7,10,
16,H-P-A,B,17,5/27/23,Hydra,5,300,
16,H-P-A,B,17,5/27/23,Daph,66,300,
18,H-P-A,B,17,5/27/23,Hydra,4,300,
18,H-P-A,B,17,5/27/23,Daph,50,300,
20,H-P-A,B,17,5/27/23,Hydra,6,300,
20,H-P-A,B,17,5/27/23,Daph,76,300,
22,P-A,B,20,5/27/23,Daph,79,300,
24,P-A,B,20,5/27/23,Daph,3,10,
26,H-P-A,B,20,5/27/23,Hydra,13,300,
26,H-P-A,B,20,5/27/23,Daph,24,300,
28,H-P-A,B,20,5/27/23,Hydra,5,300,
28,H-P-A,B,20,5/27/23,Daph,17,300,
30,H-P-A,B,20,5/27/23,Hydra,22,300,
30,H-P-A,B,20,5/27/23,Daph,11,300,
32,P-A,B,23,5/27/23,Daph,59,300,
34,P-A,B,23,5/27/23,Daph,40,300,
36,H-P-A,B,23,5/27/23,Hydra,9,300,
36,H-P-A,B,23,5/27/23,Daph,9,300,
38,H-P-A,B,23,5/27/23,Hydra,10,300,
38,H-P-A,B,23,5/27/23,Daph,26,300,
40,H-P-A,B,23,5/27/23,Hydra,10,300,
40,H-P-A,B,23,5/27/23,Daph,28,300,
42,P-A,B,26,5/27/23,Daph,3,10,
44,P-A,B,26,5/27/23,Daph,0,300,
46,H-P-A,B,26,5/27/23,Hydra,9,300,
46,H-P-A,B,26,5/27/23,Daph,2,300,
48,H-P-A,B,26,5/27/23,Hydra,10,300,
48,H-P-A,B,26,5/27/23,Daph,0,300,
50,H-P-A,B,26,5/27/23,Hydra,11,300,
50,H-P-A,B,26,5/27/23,Daph,0,300,
1,P-A,A,14,5/29/23,Daph,13,10,
3,P-A,A,14,5/29/23,Daph,13,10,
5,P-A,A,14,5/29/23,Daph,10,10,
7,H-P-A,A,14,5/29/23,Hydra,2,300,
7,H-P-A,A,14,5/29/23,Daph,27,300,
9,H-P-A,A,14,5/29/23,Hydra,4,300,
9,H-P-A,A,14,5/29/23,Daph,22,300,
11,P-A,A,17,5/29/23,Daph,7,10,
13,P-A,A,17,5/29/23,Daph,7,10,
15,P-A,A,17,5/29/23,Daph,6,10,
17,H-P-A,A,17,5/29/23,Hydra,12,300,
17,H-P-A,A,17,5/29/23,Daph,28,300,
19,H-P-A,A,17,5/29/23,Hydra,8,300,
19,H-P-A,A,17,5/29/23,Daph,3,10,
21,P-A,A,20,5/29/23,Daph,79,300,
23,P-A,A,20,5/29/23,Daph,50,300,
25,P-A,A,20,5/29/23,Daph,16,300,
27,H-P-A,A,20,5/29/23,Hydra,13,300,
27,H-P-A,A,20,5/29/23,Daph,74,300,
29,H-P-A,A,20,5/29/23,Hydra,9,300,
29,H-P-A,A,20,5/29/23,Daph,0,300,
31,P-A,A,23,5/29/23,Daph,14,300,
33,P-A,A,23,5/29/23,Daph,6,10,
35,P-A,A,23,5/29/23,Daph,12,10,
37,H-P-A,A,23,5/29/23,Hydra,17,300,
37,H-P-A,A,23,5/29/23,Daph,3,300,
39,H-P-A,A,23,5/29/23,Hydra,13,300,
39,H-P-A,A,23,5/29/23,Daph,39,300,
41,P-A,A,26,5/29/23,Daph,33,300,
43,P-A,A,26,5/29/23,Daph,2,300,
45,P-A,A,26,5/29/23,Daph,8,300,
47,H-P-A,A,26,5/29/23,Hydra,9,300,
47,H-P-A,A,26,5/29/23,Daph,0,300,
49,H-P-A,A,26,5/29/23,Hydra,10,300,
49,H-P-A,A,26,5/29/23,Daph,0,300,
2,P-A,B,14,5/30/23,Daph,7,10,
4,P-A,B,14,5/30/23,Daph,13,300,
6,H-P-A,B,14,5/30/23,Hydra,6,300,
6,H-P-A,B,14,5/30/23,Daph,39,300,
8,H-P-A,B,14,5/30/23,Hydra,8,300,
8,H-P-A,B,14,5/30/23,Daph,41,300,
10,H-P-A,B,14,5/30/23,Hydra,3,300,
10,H-P-A,B,14,5/30/23,Daph,25,300,
12,P-A,B,17,5/30/23,Daph,9,10,
14,P-A,B,17,5/30/23,Daph,82,300,
16,H-P-A,B,17,5/30/23,Hydra,5,300,
16,H-P-A,B,17,5/30/23,Daph,47,300,
18,H-P-A,B,17,5/30/23,Hydra,4,300,
18,H-P-A,B,17,5/30/23,Daph,51,300,
20,H-P-A,B,17,5/30/23,Hydra,8,300,
20,H-P-A,B,17,5/30/23,Daph,61,300,
22,P-A,B,20,5/30/23,Daph,50,300,
24,P-A,B,20,5/30/23,Daph,34,300,
26,H-P-A,B,20,5/30/23,Hydra,13,300,
26,H-P-A,B,20,5/30/23,Daph,21,300,
28,H-P-A,B,20,5/30/23,Hydra,4,300,
28,H-P-A,B,20,5/30/23,Daph,7,300,
30,H-P-A,B,20,5/30/23,Hydra,23,300,
30,H-P-A,B,20,5/30/23,Daph,2,300,
32,P-A,B,23,5/30/23,Daph,53,300,
34,P-A,B,23,5/30/23,Daph,44,300,
36,H-P-A,B,23,5/30/23,Hydra,9,300,
36,H-P-A,B,23,5/30/23,Daph,9,300,
38,H-P-A,B,23,5/30/23,Hydra,10,300,
38,H-P-A,B,23,5/30/23,Daph,8,300,
40,H-P-A,B,23,5/30/23,Hydra,8,300,
40,H-P-A,B,23,5/30/23,Daph,7,300,
42,P-A,B,26,5/30/23,Daph,14,10,
44,P-A,B,26,5/30/23,Daph,0,300,
46,H-P-A,B,26,5/30/23,Hydra,9,300,
46,H-P-A,B,26,5/30/23,Daph,0,300,
48,H-P-A,B,26,5/30/23,Hydra,9,300,
48,H-P-A,B,26,5/30/23,Daph,0,300,
50,H-P-A,B,26,5/30/23,Hydra,12,300,
50,H-P-A,B,26,5/30/23,Daph,0,300,
1,P-A,A,14,5/31/23,Daph,13,10,
3,P-A,A,14,5/31/23,Daph,14,10,
5,P-A,A,14,5/31/23,Daph,13,10,
7,H-P-A,A,14,5/31/23,Hydra,2,300,
7,H-P-A,A,14,5/31/23,Daph,32,300,
9,H-P-A,A,14,5/31/23,Hydra,4,300,
9,H-P-A,A,14,5/31/23,Daph,48,300,
11,P-A,A,17,5/31/23,Daph,10,10,
13,P-A,A,17,5/31/23,Daph,85,300,
15,P-A,A,17,5/31/23,Daph,9,10,
17,H-P-A,A,17,5/31/23,Hydra,11,300,
17,H-P-A,A,17,5/31/23,Daph,28,300,
19,H-P-A,A,17,5/31/23,Hydra,9,300,
19,H-P-A,A,17,5/31/23,Daph,79,300,
21,P-A,A,20,5/31/23,Daph,12,10,
23,P-A,A,20,5/31/23,Daph,39,300,
25,P-A,A,20,5/31/23,Daph,12,300,
27,H-P-A,A,20,5/31/23,Hydra,11,300,
27,H-P-A,A,20,5/31/23,Daph,79,300,
29,H-P-A,A,20,5/31/23,Hydra,5,300,
29,H-P-A,A,20,5/31/23,Daph,0,300,
31,P-A,A,23,5/31/23,Daph,14,300,
33,P-A,A,23,5/31/23,Daph,91,300,
35,P-A,A,23,5/31/23,Daph,76,300,
37,H-P-A,A,23,5/31/23,Hydra,19,300,
37,H-P-A,A,23,5/31/23,Daph,2,300,
39,H-P-A,A,23,5/31/23,Hydra,13,300,
39,H-P-A,A,23,5/31/23,Daph,53,300,
41,P-A,A,26,5/31/23,Daph,30,300,
43,P-A,A,26,5/31/23,Daph,0,300,
45,P-A,A,26,5/31/23,Daph,9,300,
47,H-P-A,A,26,5/31/23,Hydra,3,300,
47,H-P-A,A,26,5/31/23,Daph,0,300,
49,H-P-A,A,26,5/31/23,Hydra,10,300,
49,H-P-A,A,26,5/31/23,Daph,0,300,
2,P-A,B,14,6/1/23,Daph,10,10,
4,P-A,B,14,6/1/23,Daph,10,10,
6,H-P-A,B,14,6/1/23,Hydra,6,300,
6,H-P-A,B,14,6/1/23,Daph,36,300,
8,H-P-A,B,14,6/1/23,Hydra,9,300,
8,H-P-A,B,14,6/1/23,Daph,22,300,
10,H-P-A,B,14,6/1/23,Hydra,3,300,
10,H-P-A,B,14,6/1/23,Daph,18,300,
12,P-A,B,17,6/1/23,Daph,10,10,
14,P-A,B,17,6/1/23,Daph,5,10,
16,H-P-A,B,17,6/1/23,Hydra,5,300,
16,H-P-A,B,17,6/1/23,Daph,60,300,
18,H-P-A,B,17,6/1/23,Hydra,5,300,
18,H-P-A,B,17,6/1/23,Daph,39,300,
20,H-P-A,B,17,6/1/23,Hydra,9,300,
20,H-P-A,B,17,6/1/23,Daph,25,300,
22,P-A,B,20,6/1/23,Daph,19,300,
24,P-A,B,20,6/1/23,Daph,17,300,
26,H-P-A,B,20,6/1/23,Hydra,12,300,
26,H-P-A,B,20,6/1/23,Daph,31,300,
28,H-P-A,B,20,6/1/23,Hydra,5,300,
28,H-P-A,B,20,6/1/23,Daph,7,300,
30,H-P-A,B,20,6/1/23,Hydra,20,300,
30,H-P-A,B,20,6/1/23,Daph,3,300,
32,P-A,B,23,6/1/23,Daph,30,300,
34,P-A,B,23,6/1/23,Daph,3,10,
36,H-P-A,B,23,6/1/23,Hydra,9,300,
36,H-P-A,B,23,6/1/23,Daph,12,300,
38,H-P-A,B,23,6/1/23,Hydra,10,300,
38,H-P-A,B,23,6/1/23,Daph,1,300,
40,H-P-A,B,23,6/1/23,Hydra,8,300,
40,H-P-A,B,23,6/1/23,Daph,11,300,
42,P-A,B,26,6/1/23,Daph,14,10,
44,P-A,B,26,6/1/23,Daph,0,300,
46,H-P-A,B,26,6/1/23,Hydra,6,300,
46,H-P-A,B,26,6/1/23,Daph,0,300,
48,H-P-A,B,26,6/1/23,Hydra,7,300,
48,H-P-A,B,26,6/1/23,Daph,0,300,
50,H-P-A,B,26,6/1/23,Hydra,10,300,
50,H-P-A,B,26,6/1/23,Daph,0,300,
1,P-A,A,14,4/27/23,Ank,17,6.25E-05,
3,P-A,A,14,4/27/23,Ank,7,6.25E-05,
5,P-A,A,14,4/27/23,Ank,8,6.25E-05,
7,H-P-A,A,14,4/27/23,Ank,13,6.25E-05,
9,H-P-A,A,14,4/27/23,Ank,13,6.25E-05,
11,P-A,A,17,4/27/23,Ank,16,6.25E-05,
13,P-A,A,17,4/27/23,Ank,11,6.25E-05,
15,P-A,A,17,4/27/23,Ank,13,6.25E-05,
17,H-P-A,A,17,4/27/23,Ank,8,6.25E-05,
19,H-P-A,A,17,4/27/23,Ank,14,6.25E-05,
21,P-A,A,20,4/27/23,Ank,6,6.25E-05,
23,P-A,A,20,4/27/23,Ank,15,6.25E-05,
25,P-A,A,20,4/27/23,Ank,11,6.25E-05,
27,H-P-A,A,20,4/27/23,Ank,9,6.25E-05,
29,H-P-A,A,20,4/27/23,Ank,11,6.25E-05,
31,P-A,A,23,4/27/23,Ank,9,6.25E-05,
33,P-A,A,23,4/27/23,Ank,16,6.25E-05,
35,P-A,A,23,4/27/23,Ank,8,6.25E-05,
37,H-P-A,A,23,4/27/23,Ank,10,6.25E-05,
39,H-P-A,A,23,4/27/23,Ank,8,6.25E-05,
41,P-A,A,26,4/27/23,Ank,14,6.25E-05,
43,P-A,A,26,4/27/23,Ank,15,6.25E-05,
45,P-A,A,26,4/27/23,Ank,11,6.25E-05,
47,H-P-A,A,26,4/27/23,Ank,14,6.25E-05,
49,H-P-A,A,26,4/27/23,Ank,14,6.25E-05,
2,P-A,B,14,4/28/23,Ank,15,6.25E-05,
4,P-A,B,14,4/28/23,Ank,11,6.25E-05,
6,H-P-A,B,14,4/28/23,Ank,13,6.25E-05,
8,H-P-A,B,14,4/28/23,Ank,13,6.25E-05,
10,H-P-A,B,14,4/28/23,Ank,13,6.25E-05,
12,P-A,B,17,4/28/23,Ank,14,6.25E-05,
14,P-A,B,17,4/28/23,Ank,16,6.25E-05,
16,H-P-A,B,17,4/28/23,Ank,20,6.25E-05,
18,H-P-A,B,17,4/28/23,Ank,24,6.25E-05,
20,H-P-A,B,17,4/28/23,Ank,23,6.25E-05,
22,P-A,B,20,4/28/23,Ank,13,6.25E-05,
24,P-A,B,20,4/28/23,Ank,12,6.25E-05,
26,H-P-A,B,20,4/28/23,Ank,29,6.25E-05,
28,H-P-A,B,20,4/28/23,Ank,19,6.25E-05,
30,H-P-A,B,20,4/28/23,Ank,26,6.25E-05,
32,P-A,B,23,4/28/23,Ank,24,6.25E-05,
34,P-A,B,23,4/28/23,Ank,12,6.25E-05,
36,H-P-A,B,23,4/28/23,Ank,18,6.25E-05,
38,H-P-A,B,23,4/28/23,Ank,21,6.25E-05,
40,H-P-A,B,23,4/28/23,Ank,14,6.25E-05,
42,P-A,B,26,4/28/23,Ank,12,6.25E-05,
44,P-A,B,26,4/28/23,Ank,16,6.25E-05,
46,H-P-A,B,26,4/28/23,Ank,18,6.25E-05,
48,H-P-A,B,26,4/28/23,Ank,15,6.25E-05,
50,H-P-A,B,26,4/28/23,Ank,18,6.25E-05,
1,P-A,A,14,4/29/23,Ank,12,6.25E-05,
3,P-A,A,14,4/29/23,Ank,20,6.25E-05,
5,P-A,A,14,4/29/23,Ank,19,6.25E-05,
7,H-P-A,A,14,4/29/23,Ank,13,6.25E-05,
9,H-P-A,A,14,4/29/23,Ank,20,6.25E-05,
11,P-A,A,17,4/29/23,Ank,9,6.25E-05,
13,P-A,A,17,4/29/23,Ank,20,6.25E-05,
15,P-A,A,17,4/29/23,Ank,21,6.25E-05,
17,H-P-A,A,17,4/29/23,Ank,16,6.25E-05,
19,H-P-A,A,17,4/29/23,Ank,19,6.25E-05,
21,P-A,A,20,4/29/23,Ank,18,6.25E-05,
23,P-A,A,20,4/29/23,Ank,20,6.25E-05,
25,P-A,A,20,4/29/23,Ank,21,6.25E-05,
27,H-P-A,A,20,4/29/23,Ank,14,6.25E-05,
29,H-P-A,A,20,4/29/23,Ank,23,6.25E-05,
31,P-A,A,23,4/29/23,Ank,19,6.25E-05,
33,P-A,A,23,4/29/23,Ank,22,6.25E-05,
35,P-A,A,23,4/29/23,Ank,16,6.25E-05,
37,H-P-A,A,23,4/29/23,Ank,26,6.25E-05,
39,H-P-A,A,23,4/29/23,Ank,24,6.25E-05,
41,P-A,A,26,4/29/23,Ank,18,6.25E-05,
43,P-A,A,26,4/29/23,Ank,19,6.25E-05,
45,P-A,A,26,4/29/23,Ank,21,6.25E-05,
47,H-P-A,A,26,4/29/23,Ank,18,6.25E-05,
49,H-P-A,A,26,4/29/23,Ank,14,6.25E-05,
2,P-A,B,14,4/30/23,Ank,29,6.25E-05,
4,P-A,B,14,4/30/23,Ank,24,6.25E-05,
6,H-P-A,B,14,4/30/23,Ank,36,6.25E-05,
8,H-P-A,B,14,4/30/23,Ank,19,6.25E-05,
10,H-P-A,B,14,4/30/23,Ank,29,6.25E-05,
12,P-A,B,17,4/30/23,Ank,29,6.25E-05,
14,P-A,B,17,4/30/23,Ank,20,6.25E-05,
16,H-P-A,B,17,4/30/23,Ank,17,6.25E-05,
18,H-P-A,B,17,4/30/23,Ank,31,6.25E-05,
20,H-P-A,B,17,4/30/23,Ank,19,6.25E-05,
22,P-A,B,20,4/30/23,Ank,13,6.25E-05,
24,P-A,B,20,4/30/23,Ank,22,6.25E-05,
26,H-P-A,B,20,4/30/23,Ank,19,6.25E-05,
28,H-P-A,B,20,4/30/23,Ank,33,6.25E-05,
30,H-P-A,B,20,4/30/23,Ank,25,6.25E-05,
32,P-A,B,23,4/30/23,Ank,28,6.25E-05,
34,P-A,B,23,4/30/23,Ank,23,6.25E-05,
36,H-P-A,B,23,4/30/23,Ank,29,6.25E-05,
38,H-P-A,B,23,4/30/23,Ank,25,6.25E-05,
40,H-P-A,B,23,4/30/23,Ank,20,6.25E-05,
42,P-A,B,26,4/30/23,Ank,30,6.25E-05,
44,P-A,B,26,4/30/23,Ank,32,6.25E-05,
46,H-P-A,B,26,4/30/23,Ank,31,6.25E-05,
48,H-P-A,B,26,4/30/23,Ank,27,6.25E-05,
50,H-P-A,B,26,4/30/23,Ank,21,6.25E-05,
1,P-A,A,14,5/1/23,Ank,31,6.25E-05,
3,P-A,A,14,5/1/23,Ank,56,6.25E-05,
5,P-A,A,14,5/1/23,Ank,29,6.25E-05,
7,H-P-A,A,14,5/1/23,Ank,26,6.25E-05,
9,H-P-A,A,14,5/1/23,Ank,17,6.25E-05,
11,P-A,A,17,5/1/23,Ank,12,6.25E-05,
13,P-A,A,17,5/1/23,Ank,33,6.25E-05,
15,P-A,A,17,5/1/23,Ank,28,6.25E-05,
17,H-P-A,A,17,5/1/23,Ank,15,6.25E-05,
19,H-P-A,A,17,5/1/23,Ank,27,6.25E-05,
21,P-A,A,20,5/1/23,Ank,18,6.25E-05,
23,P-A,A,20,5/1/23,Ank,43,6.25E-05,
25,P-A,A,20,5/1/23,Ank,33,6.25E-05,
27,H-P-A,A,20,5/1/23,Ank,15,6.25E-05,
29,H-P-A,A,20,5/1/23,Ank,27,6.25E-05,
31,P-A,A,23,5/1/23,Ank,22,6.25E-05,
33,P-A,A,23,5/1/23,Ank,17,6.25E-05,
35,P-A,A,23,5/1/23,Ank,30,6.25E-05,
37,H-P-A,A,23,5/1/23,Ank,24,6.25E-05,
39,H-P-A,A,23,5/1/23,Ank,23,6.25E-05,
41,P-A,A,26,5/1/23,Ank,17,6.25E-05,
43,P-A,A,26,5/1/23,Ank,28,6.25E-05,
45,P-A,A,26,5/1/23,Ank,32,6.25E-05,
47,H-P-A,A,26,5/1/23,Ank,27,6.25E-05,
49,H-P-A,A,26,5/1/23,Ank,22,6.25E-05,
2,P-A,B,14,5/2/23,Ank,24,6.25E-05,
4,P-A,B,14,5/2/23,Ank,14,6.25E-05,
6,H-P-A,B,14,5/2/23,Ank,18,6.25E-05,
8,H-P-A,B,14,5/2/23,Ank,18,6.25E-05,
10,H-P-A,B,14,5/2/23,Ank,19,6.25E-05,
12,P-A,B,17,5/2/23,Ank,17,6.25E-05,
14,P-A,B,17,5/2/23,Ank,59,6.25E-05,
16,H-P-A,B,17,5/2/23,Ank,15,6.25E-05,
18,H-P-A,B,17,5/2/23,Ank,34,6.25E-05,
20,H-P-A,B,17,5/2/23,Ank,18,6.25E-05,
22,P-A,B,20,5/2/23,Ank,12,6.25E-05,
24,P-A,B,20,5/2/23,Ank,35,6.25E-05,
26,H-P-A,B,20,5/2/23,Ank,28,6.25E-05,
28,H-P-A,B,20,5/2/23,Ank,35,6.25E-05,
30,H-P-A,B,20,5/2/23,Ank,16,6.25E-05,
32,P-A,B,23,5/2/23,Ank,47,6.25E-05,
34,P-A,B,23,5/2/23,Ank,35,6.25E-05,
36,H-P-A,B,23,5/2/23,Ank,31,6.25E-05,
38,H-P-A,B,23,5/2/23,Ank,24,6.25E-05,
40,H-P-A,B,23,5/2/23,Ank,27,6.25E-05,
42,P-A,B,26,5/2/23,Ank,36,6.25E-05,
44,P-A,B,26,5/2/23,Ank,28,6.25E-05,
46,H-P-A,B,26,5/2/23,Ank,18,6.25E-05,
48,H-P-A,B,26,5/2/23,Ank,37,6.25E-05,
50,H-P-A,B,26,5/2/23,Ank,31,6.25E-05,
1,P-A,A,14,5/3/23,Ank,19,6.25E-05,
3,P-A,A,14,5/3/23,Ank,16,6.25E-05,
5,P-A,A,14,5/3/23,Ank,29,6.25E-05,
7,H-P-A,A,14,5/3/23,Ank,3,6.25E-05,
9,H-P-A,A,14,5/3/23,Ank,10,6.25E-05,
11,P-A,A,17,5/3/23,Ank,12,6.25E-05,
13,P-A,A,17,5/3/23,Ank,9,6.25E-05,
15,P-A,A,17,5/3/23,Ank,10,6.25E-05,
17,H-P-A,A,17,5/3/23,Ank,15,6.25E-05,
19,H-P-A,A,17,5/3/23,Ank,16,6.25E-05,
21,P-A,A,20,5/3/23,Ank,49,6.25E-05,
23,P-A,A,20,5/3/23,Ank,11,6.25E-05,
25,P-A,A,20,5/3/23,Ank,17,6.25E-05,
27,H-P-A,A,20,5/3/23,Ank,3,6.25E-05,
29,H-P-A,A,20,5/3/23,Ank,5,6.25E-05,
31,P-A,A,23,5/3/23,Ank,61,6.25E-05,
33,P-A,A,23,5/3/23,Ank,10,6.25E-05,
35,P-A,A,23,5/3/23,Ank,29,6.25E-05,
37,H-P-A,A,23,5/3/23,Ank,12,6.25E-05,
39,H-P-A,A,23,5/3/23,Ank,18,6.25E-05,
41,P-A,A,26,5/3/23,Ank,29,6.25E-05,
43,P-A,A,26,5/3/23,Ank,20,6.25E-05,
45,P-A,A,26,5/3/23,Ank,13,6.25E-05,
47,H-P-A,A,26,5/3/23,Ank,28,6.25E-05,
49,H-P-A,A,26,5/3/23,Ank,42,6.25E-05,
2,P-A,B,14,5/4/23,Ank,20,6.25E-05,
4,P-A,B,14,5/4/23,Ank,15,6.25E-05,
6,H-P-A,B,14,5/4/23,Ank,13,6.25E-05,
8,H-P-A,B,14,5/4/23,Ank,2,6.25E-05,
10,H-P-A,B,14,5/4/23,Ank,15,6.25E-05,
12,P-A,B,17,5/4/23,Ank,22,6.25E-05,
14,P-A,B,17,5/4/23,Ank,32,6.25E-05,
16,H-P-A,B,17,5/4/23,Ank,15,6.25E-05,
18,H-P-A,B,17,5/4/23,Ank,33,6.25E-05,
20,H-P-A,B,17,5/4/23,Ank,26,6.25E-05,
22,P-A,B,20,5/4/23,Ank,29,6.25E-05,
24,P-A,B,20,5/4/23,Ank,20,6.25E-05,
26,H-P-A,B,20,5/4/23,Ank,139,6.25E-05,
28,H-P-A,B,20,5/4/23,Ank,34,6.25E-05,
30,H-P-A,B,20,5/4/23,Ank,37,6.25E-05,
32,P-A,B,23,5/4/23,Ank,42,6.25E-05,
34,P-A,B,23,5/4/23,Ank,29,6.25E-05,
36,H-P-A,B,23,5/4/23,Ank,23,6.25E-05,
38,H-P-A,B,23,5/4/23,Ank,20,6.25E-05,
40,H-P-A,B,23,5/4/23,Ank,33,6.25E-05,
42,P-A,B,26,5/4/23,Ank,42,6.25E-05,
44,P-A,B,26,5/4/23,Ank,67,6.25E-05,
46,H-P-A,B,26,5/4/23,Ank,34,6.25E-05,
48,H-P-A,B,26,5/4/23,Ank,51,6.25E-05,
50,H-P-A,B,26,5/4/23,Ank,28,6.25E-05,
1,P-A,A,14,5/5/23,Ank,5,6.25E-05,
3,P-A,A,14,5/5/23,Ank,20,6.25E-05,
5,P-A,A,14,5/5/23,Ank,5,6.25E-05,
7,H-P-A,A,14,5/5/23,Ank,16,6.25E-05,
9,H-P-A,A,14,5/5/23,Ank,18,6.25E-05,
11,P-A,A,17,5/5/23,Ank,8,6.25E-05,
13,P-A,A,17,5/5/23,Ank,21,6.25E-05,
15,P-A,A,17,5/5/23,Ank,19,6.25E-05,
17,H-P-A,A,17,5/5/23,Ank,4,6.25E-05,
19,H-P-A,A,17,5/5/23,Ank,23,6.25E-05,
21,P-A,A,20,5/5/23,Ank,12,6.25E-05,
23,P-A,A,20,5/5/23,Ank,19,6.25E-05,
25,P-A,A,20,5/5/23,Ank,9,6.25E-05,
27,H-P-A,A,20,5/5/23,Ank,6,6.25E-05,
29,H-P-A,A,20,5/5/23,Ank,26,6.25E-05,
31,P-A,A,23,5/5/23,Ank,27,6.25E-05,
33,P-A,A,23,5/5/23,Ank,16,6.25E-05,
35,P-A,A,23,5/5/23,Ank,20,6.25E-05,
37,H-P-A,A,23,5/5/23,Ank,27,6.25E-05,
39,H-P-A,A,23,5/5/23,Ank,54,6.25E-05,
41,P-A,A,26,5/5/23,Ank,30,6.25E-05,
43,P-A,A,26,5/5/23,Ank,15,6.25E-05,
45,P-A,A,26,5/5/23,Ank,28,6.25E-05,
47,H-P-A,A,26,5/5/23,Ank,42,6.25E-05,
49,H-P-A,A,26,5/5/23,Ank,37,6.25E-05,
2,P-A,B,14,5/6/23,Ank,38,6.25E-05,
4,P-A,B,14,5/6/23,Ank,29,6.25E-05,
6,H-P-A,B,14,5/6/23,Ank,17,6.25E-05,
8,H-P-A,B,14,5/6/23,Ank,28,6.25E-05,
10,H-P-A,B,14,5/6/23,Ank,32,6.25E-05,
12,P-A,B,17,5/6/23,Ank,47,6.25E-05,
14,P-A,B,17,5/6/23,Ank,30,6.25E-05,
16,H-P-A,B,17,5/6/23,Ank,30,6.25E-05,
18,H-P-A,B,17,5/6/23,Ank,28,6.25E-05,
20,H-P-A,B,17,5/6/23,Ank,43,6.25E-05,
22,P-A,B,20,5/6/23,Ank,23,6.25E-05,
24,P-A,B,20,5/6/23,Ank,35,6.25E-05,
26,H-P-A,B,20,5/6/23,Ank,29,6.25E-05,
28,H-P-A,B,20,5/6/23,Ank,38,6.25E-05,
30,H-P-A,B,20,5/6/23,Ank,29,6.25E-05,
32,P-A,B,23,5/6/23,Ank,39,6.25E-05,
34,P-A,B,23,5/6/23,Ank,38,6.25E-05,
36,H-P-A,B,23,5/6/23,Ank,34,6.25E-05,
38,H-P-A,B,23,5/6/23,Ank,45,6.25E-05,
40,H-P-A,B,23,5/6/23,Ank,34,6.25E-05,
42,P-A,B,26,5/6/23,Ank,41,6.25E-05,
44,P-A,B,26,5/6/23,Ank,47,6.25E-05,
46,H-P-A,B,26,5/6/23,Ank,43,6.25E-05,
48,H-P-A,B,26,5/6/23,Ank,37,6.25E-05,
50,H-P-A,B,26,5/6/23,Ank,36,6.25E-05,
1,P-A,A,14,5/8/23,Ank,9,6.25E-05,
3,P-A,A,14,5/8/23,Ank,20,6.25E-05,
5,P-A,A,14,5/8/23,Ank,8,6.25E-05,
7,H-P-A,A,14,5/8/23,Ank,22,6.25E-05,
9,H-P-A,A,14,5/8/23,Ank,19,6.25E-05,
11,P-A,A,17,5/8/23,Ank,9,6.25E-05,
13,P-A,A,17,5/8/23,Ank,18,6.25E-05,
15,P-A,A,17,5/8/23,Ank,29,6.25E-05,
17,H-P-A,A,17,5/8/23,Ank,17,6.25E-05,
19,H-P-A,A,17,5/8/23,Ank,12,6.25E-05,
21,P-A,A,20,5/8/23,Ank,31,6.25E-05,
23,P-A,A,20,5/8/23,Ank,28,6.25E-05,
25,P-A,A,20,5/8/23,Ank,9,6.25E-05,
27,H-P-A,A,20,5/8/23,Ank,30,6.25E-05,
29,H-P-A,A,20,5/8/23,Ank,17,6.25E-05,
31,P-A,A,23,5/8/23,Ank,35,6.25E-05,
33,P-A,A,23,5/8/23,Ank,21,6.25E-05,
35,P-A,A,23,5/8/23,Ank,38,6.25E-05,
37,H-P-A,A,23,5/8/23,Ank,34,6.25E-05,
39,H-P-A,A,23,5/8/23,Ank,25,6.25E-05,
41,P-A,A,26,5/8/23,Ank,36,6.25E-05,
43,P-A,A,26,5/8/23,Ank,29,6.25E-05,
45,P-A,A,26,5/8/23,Ank,35,6.25E-05,
47,H-P-A,A,26,5/8/23,Ank,42,6.25E-05,
49,H-P-A,A,26,5/8/23,Ank,41,6.25E-05,
2,P-A,B,14,5/9/23,Ank,21,6.25E-05,
4,P-A,B,14,5/9/23,Ank,23,6.25E-05,
6,H-P-A,B,14,5/9/23,Ank,12,6.25E-05,
8,H-P-A,B,14,5/9/23,Ank,22,6.25E-05,
10,H-P-A,B,14,5/9/23,Ank,40,6.25E-05,
12,P-A,B,17,5/9/23,Ank,30,6.25E-05,
14,P-A,B,17,5/9/23,Ank,31,6.25E-05,
16,H-P-A,B,17,5/9/23,Ank,28,6.25E-05,
18,H-P-A,B,17,5/9/23,Ank,41,6.25E-05,
20,H-P-A,B,17,5/9/23,Ank,56,6.25E-05,
22,P-A,B,20,5/9/23,Ank,17,6.25E-05,
24,P-A,B,20,5/9/23,Ank,30,6.25E-05,
26,H-P-A,B,20,5/9/23,Ank,50,6.25E-05,
28,H-P-A,B,20,5/9/23,Ank,44,6.25E-05,
30,H-P-A,B,20,5/9/23,Ank,29,6.25E-05,
32,P-A,B,23,5/9/23,Ank,44,6.25E-05,
34,P-A,B,23,5/9/23,Ank,38,6.25E-05,
36,H-P-A,B,23,5/9/23,Ank,46,6.25E-05,
38,H-P-A,B,23,5/9/23,Ank,40,6.25E-05,
40,H-P-A,B,23,5/9/23,Ank,42,6.25E-05,
42,P-A,B,26,5/9/23,Ank,45,6.25E-05,
44,P-A,B,26,5/9/23,Ank,53,6.25E-05,
46,H-P-A,B,26,5/9/23,Ank,52,6.25E-05,
48,H-P-A,B,26,5/9/23,Ank,58,6.25E-05,
50,H-P-A,B,26,5/9/23,Ank,55,6.25E-05,
1,P-A,A,14,5/10/23,Ank,14,6.25E-05,
3,P-A,A,14,5/10/23,Ank,18,6.25E-05,
5,P-A,A,14,5/10/23,Ank,13,6.25E-05,
7,H-P-A,A,14,5/10/23,Ank,16,6.25E-05,
9,H-P-A,A,14,5/10/23,Ank,25,6.25E-05,
11,P-A,A,17,5/10/23,Ank,17,6.25E-05,
13,P-A,A,17,5/10/23,Ank,16,6.25E-05,
15,P-A,A,17,5/10/23,Ank,18,6.25E-05,
17,H-P-A,A,17,5/10/23,Ank,18,6.25E-05,
19,H-P-A,A,17,5/10/23,Ank,10,6.25E-05,
21,P-A,A,20,5/10/23,Ank,18,6.25E-05,
23,P-A,A,20,5/10/23,Ank,30,6.25E-05,
25,P-A,A,20,5/10/23,Ank,18,6.25E-05,
27,H-P-A,A,20,5/10/23,Ank,17,6.25E-05,
29,H-P-A,A,20,5/10/23,Ank,23,6.25E-05,
31,P-A,A,23,5/10/23,Ank,71,6.25E-05,
33,P-A,A,23,5/10/23,Ank,28,6.25E-05,
35,P-A,A,23,5/10/23,Ank,37,6.25E-05,
37,H-P-A,A,23,5/10/23,Ank,38,6.25E-05,
39,H-P-A,A,23,5/10/23,Ank,36,6.25E-05,
41,P-A,A,26,5/10/23,Ank,35,6.25E-05,
43,P-A,A,26,5/10/23,Ank,24,6.25E-05,
45,P-A,A,26,5/10/23,Ank,35,6.25E-05,
47,H-P-A,A,26,5/10/23,Ank,54,6.25E-05,
49,H-P-A,A,26,5/10/23,Ank,51,6.25E-05,
2,P-A,B,14,5/11/23,Ank,31,6.25E-05,
4,P-A,B,14,5/11/23,Ank,31,6.25E-05,
6,H-P-A,B,14,5/11/23,Ank,9,6.25E-05,
8,H-P-A,B,14,5/11/23,Ank,28,6.25E-05,
10,H-P-A,B,14,5/11/23,Ank,37,6.25E-05,
12,P-A,B,17,5/11/23,Ank,29,6.25E-05,
14,P-A,B,17,5/11/23,Ank,26,6.25E-05,
16,H-P-A,B,17,5/11/23,Ank,22,6.25E-05,
18,H-P-A,B,17,5/11/23,Ank,36,6.25E-05,
20,H-P-A,B,17,5/11/23,Ank,29,6.25E-05,
22,P-A,B,20,5/11/23,Ank,30,6.25E-05,
24,P-A,B,20,5/11/23,Ank,45,6.25E-05,
26,H-P-A,B,20,5/11/23,Ank,40,6.25E-05,
28,H-P-A,B,20,5/11/23,Ank,61,6.25E-05,
30,H-P-A,B,20,5/11/23,Ank,21,6.25E-05,
32,P-A,B,23,5/11/23,Ank,38,6.25E-05,
34,P-A,B,23,5/11/23,Ank,55,6.25E-05,
36,H-P-A,B,23,5/11/23,Ank,45,6.25E-05,
38,H-P-A,B,23,5/11/23,Ank,49,6.25E-05,
40,H-P-A,B,23,5/11/23,Ank,39,6.25E-05,
42,P-A,B,26,5/11/23,Ank,53,6.25E-05,
44,P-A,B,26,5/11/23,Ank,47,6.25E-05,
46,H-P-A,B,26,5/11/23,Ank,46,6.25E-05,
48,H-P-A,B,26,5/11/23,Ank,67,6.25E-05,
50,H-P-A,B,26,5/11/23,Ank,48,6.25E-05,
1,P-A,A,14,5/12/23,Ank,38,6.25E-05,
3,P-A,A,14,5/12/23,Ank,24,6.25E-05,
5,P-A,A,14,5/12/23,Ank,16,6.25E-05,
7,H-P-A,A,14,5/12/23,Ank,25,6.25E-05,
9,H-P-A,A,14,5/12/23,Ank,18,6.25E-05,
11,P-A,A,17,5/12/23,Ank,11,6.25E-05,
13,P-A,A,17,5/12/23,Ank,25,6.25E-05,
15,P-A,A,17,5/12/23,Ank,28,6.25E-05,
17,H-P-A,A,17,5/12/23,Ank,16,6.25E-05,
19,H-P-A,A,17,5/12/23,Ank,22,6.25E-05,
21,P-A,A,20,5/12/23,Ank,24,6.25E-05,
23,P-A,A,20,5/12/23,Ank,35,6.25E-05,
25,P-A,A,20,5/12/23,Ank,20,6.25E-05,
27,H-P-A,A,20,5/12/23,Ank,27,6.25E-05,
29,H-P-A,A,20,5/12/23,Ank,18,6.25E-05,
31,P-A,A,23,5/12/23,Ank,53,6.25E-05,
33,P-A,A,23,5/12/23,Ank,18,6.25E-05,
35,P-A,A,23,5/12/23,Ank,33,6.25E-05,
37,H-P-A,A,23,5/12/23,Ank,34,6.25E-05,
39,H-P-A,A,23,5/12/23,Ank,27,6.25E-05,
41,P-A,A,26,5/12/23,Ank,43,6.25E-05,
43,P-A,A,26,5/12/23,Ank,18,6.25E-05,
45,P-A,A,26,5/12/23,Ank,61,6.25E-05,
47,H-P-A,A,26,5/12/23,Ank,66,6.25E-05,
49,H-P-A,A,26,5/12/23,Ank,44,6.25E-05,
2,P-A,B,14,5/13/23,Ank,30,6.25E-05,
4,P-A,B,14,5/13/23,Ank,18,6.25E-05,
6,H-P-A,B,14,5/13/23,Ank,35,6.25E-05,
8,H-P-A,B,14,5/13/23,Ank,18,6.25E-05,
10,H-P-A,B,14,5/13/23,Ank,36,6.25E-05,
12,P-A,B,17,5/13/23,Ank,19,6.25E-05,
14,P-A,B,17,5/13/23,Ank,32,6.25E-05,
16,H-P-A,B,17,5/13/23,Ank,29,6.25E-05,
18,H-P-A,B,17,5/13/23,Ank,49,6.25E-05,
20,H-P-A,B,17,5/13/23,Ank,33,6.25E-05,
22,P-A,B,20,5/13/23,Ank,32,6.25E-05,
24,P-A,B,20,5/13/23,Ank,62,6.25E-05,
26,H-P-A,B,20,5/13/23,Ank,41,6.25E-05,
28,H-P-A,B,20,5/13/23,Ank,41,6.25E-05,
30,H-P-A,B,20,5/13/23,Ank,27,6.25E-05,
32,P-A,B,23,5/13/23,Ank,48,6.25E-05,
34,P-A,B,23,5/13/23,Ank,38,6.25E-05,
36,H-P-A,B,23,5/13/23,Ank,57,6.25E-05,
38,H-P-A,B,23,5/13/23,Ank,61,6.25E-05,
40,H-P-A,B,23,5/13/23,Ank,52,6.25E-05,
42,P-A,B,26,5/13/23,Ank,49,6.25E-05,
44,P-A,B,26,5/13/23,Ank,44,6.25E-05,
46,H-P-A,B,26,5/13/23,Ank,64,6.25E-05,
48,H-P-A,B,26,5/13/23,Ank,50,6.25E-05,
50,H-P-A,B,26,5/13/23,Ank,66,6.25E-05,
1,P-A,A,14,5/15/23,Ank,33,6.25E-05,
3,P-A,A,14,5/15/23,Ank,35,6.25E-05,
5,P-A,A,14,5/15/23,Ank,19,6.25E-05,
7,H-P-A,A,14,5/15/23,Ank,20,6.25E-05,
9,H-P-A,A,14,5/15/23,Ank,28,6.25E-05,
11,P-A,A,17,5/15/23,Ank,18,6.25E-05,
13,P-A,A,17,5/15/23,Ank,45,6.25E-05,
15,P-A,A,17,5/15/23,Ank,24,6.25E-05,
17,H-P-A,A,17,5/15/23,Ank,25,6.25E-05,
19,H-P-A,A,17,5/15/23,Ank,25,6.25E-05,
21,P-A,A,20,5/15/23,Ank,27,6.25E-05,
23,P-A,A,20,5/15/23,Ank,33,6.25E-05,
25,P-A,A,20,5/15/23,Ank,29,6.25E-05,
27,H-P-A,A,20,5/15/23,Ank,34,6.25E-05,
29,H-P-A,A,20,5/15/23,Ank,36,6.25E-05,
31,P-A,A,23,5/15/23,Ank,70,6.25E-05,
33,P-A,A,23,5/15/23,Ank,29,6.25E-05,
35,P-A,A,23,5/15/23,Ank,39,6.25E-05,
37,H-P-A,A,23,5/15/23,Ank,53,6.25E-05,
39,H-P-A,A,23,5/15/23,Ank,30,6.25E-05,
41,P-A,A,26,5/15/23,Ank,51,6.25E-05,
43,P-A,A,26,5/15/23,Ank,33,6.25E-05,
45,P-A,A,26,5/15/23,Ank,38,6.25E-05,
47,H-P-A,A,26,5/15/23,Ank,61,6.25E-05,
49,H-P-A,A,26,5/15/23,Ank,101,6.25E-05,
2,P-A,B,14,5/16/23,Ank,21,6.25E-05,
4,P-A,B,14,5/16/23,Ank,35,6.25E-05,
6,H-P-A,B,14,5/16/23,Ank,28,6.25E-05,
8,H-P-A,B,14,5/16/23,Ank,16,6.25E-05,
10,H-P-A,B,14,5/16/23,Ank,34,6.25E-05,
12,P-A,B,17,5/16/23,Ank,42,6.25E-05,
14,P-A,B,17,5/16/23,Ank,37,6.25E-05,
16,H-P-A,B,17,5/16/23,Ank,50,6.25E-05,
18,H-P-A,B,17,5/16/23,Ank,68,6.25E-05,
20,H-P-A,B,17,5/16/23,Ank,37,6.25E-05,
22,P-A,B,20,5/16/23,Ank,15,6.25E-05,
24,P-A,B,20,5/16/23,Ank,39,6.25E-05,
26,H-P-A,B,20,5/16/23,Ank,61,6.25E-05,
28,H-P-A,B,20,5/16/23,Ank,43,6.25E-05,
30,H-P-A,B,20,5/16/23,Ank,29,6.25E-05,
32,P-A,B,23,5/16/23,Ank,56,6.25E-05,
34,P-A,B,23,5/16/23,Ank,42,6.25E-05,
36,H-P-A,B,23,5/16/23,Ank,65,6.25E-05,
38,H-P-A,B,23,5/16/23,Ank,73,6.25E-05,
40,H-P-A,B,23,5/16/23,Ank,66,6.25E-05,
42,P-A,B,26,5/16/23,Ank,52,6.25E-05,
44,P-A,B,26,5/16/23,Ank,45,6.25E-05,
46,H-P-A,B,26,5/16/23,Ank,75,6.25E-05,
48,H-P-A,B,26,5/16/23,Ank,41,6.25E-05,
50,H-P-A,B,26,5/16/23,Ank,81,6.25E-05,
1,P-A,A,14,5/17/23,Ank,21,6.25E-05,
3,P-A,A,14,5/17/23,Ank,26,6.25E-05,
5,P-A,A,14,5/17/23,Ank,28,6.25E-05,
7,H-P-A,A,14,5/17/23,Ank,15,6.25E-05,
9,H-P-A,A,14,5/17/23,Ank,41,6.25E-05,
11,P-A,A,17,5/17/23,Ank,37,6.25E-05,
13,P-A,A,17,5/17/23,Ank,38,6.25E-05,
15,P-A,A,17,5/17/23,Ank,24,6.25E-05,
17,H-P-A,A,17,5/17/23,Ank,15,6.25E-05,
19,H-P-A,A,17,5/17/23,Ank,45,6.25E-05,
21,P-A,A,20,5/17/23,Ank,18,6.25E-05,
23,P-A,A,20,5/17/23,Ank,21,6.25E-05,
25,P-A,A,20,5/17/23,Ank,36,6.25E-05,
27,H-P-A,A,20,5/17/23,Ank,34,6.25E-05,
29,H-P-A,A,20,5/17/23,Ank,28,6.25E-05,
31,P-A,A,23,5/17/23,Ank,36,6.25E-05,
33,P-A,A,23,5/17/23,Ank,39,6.25E-05,
35,P-A,A,23,5/17/23,Ank,48,6.25E-05,
37,H-P-A,A,23,5/17/23,Ank,48,6.25E-05,
39,H-P-A,A,23,5/17/23,Ank,52,6.25E-05,
41,P-A,A,26,5/17/23,Ank,42,6.25E-05,
43,P-A,A,26,5/17/23,Ank,59,6.25E-05,
45,P-A,A,26,5/17/23,Ank,33,6.25E-05,
47,H-P-A,A,26,5/17/23,Ank,65,6.25E-05,
49,H-P-A,A,26,5/17/23,Ank,40,6.25E-05,
2,P-A,B,14,5/18/23,Ank,28,6.25E-05,
4,P-A,B,14,5/18/23,Ank,22,6.25E-05,
6,H-P-A,B,14,5/18/23,Ank,39,6.25E-05,
8,H-P-A,B,14,5/18/23,Ank,27,6.25E-05,
10,H-P-A,B,14,5/18/23,Ank,62,6.25E-05,
12,P-A,B,17,5/18/23,Ank,36,6.25E-05,
14,P-A,B,17,5/18/23,Ank,38,6.25E-05,
16,H-P-A,B,17,5/18/23,Ank,42,6.25E-05,
18,H-P-A,B,17,5/18/23,Ank,36,6.25E-05,
20,H-P-A,B,17,5/18/23,Ank,45,6.25E-05,
22,P-A,B,20,5/18/23,Ank,44,6.25E-05,
24,P-A,B,20,5/18/23,Ank,52,6.25E-05,
26,H-P-A,B,20,5/18/23,Ank,58,6.25E-05,
28,H-P-A,B,20,5/18/23,Ank,31,6.25E-05,
30,H-P-A,B,20,5/18/23,Ank,38,6.25E-05,
32,P-A,B,23,5/18/23,Ank,50,6.25E-05,
34,P-A,B,23,5/18/23,Ank,45,6.25E-05,
36,H-P-A,B,23,5/18/23,Ank,80,6.25E-05,
38,H-P-A,B,23,5/18/23,Ank,64,6.25E-05,
40,H-P-A,B,23,5/18/23,Ank,50,6.25E-05,
42,P-A,B,26,5/18/23,Ank,50,6.25E-05,
44,P-A,B,26,5/18/23,Ank,14,6.25E-05,
46,H-P-A,B,26,5/18/23,Ank,60,6.25E-05,
48,H-P-A,B,26,5/18/23,Ank,51,6.25E-05,
50,H-P-A,B,26,5/18/23,Ank,46,6.25E-05,
1,P-A,A,14,5/19/23,Ank,27,6.25E-05,
3,P-A,A,14,5/19/23,Ank,29,6.25E-05,
5,P-A,A,14,5/19/23,Ank,23,6.25E-05,
7,H-P-A,A,14,5/19/23,Ank,30,6.25E-05,
9,H-P-A,A,14,5/19/23,Ank,63,6.25E-05,
11,P-A,A,17,5/19/23,Ank,29,6.25E-05,
13,P-A,A,17,5/19/23,Ank,50,6.25E-05,
15,P-A,A,17,5/19/23,Ank,29,6.25E-05,
17,H-P-A,A,17,5/19/23,Ank,30,6.25E-05,
19,H-P-A,A,17,5/19/23,Ank,90,6.25E-05,
21,P-A,A,20,5/19/23,Ank,27,6.25E-05,
23,P-A,A,20,5/19/23,Ank,34,6.25E-05,
25,P-A,A,20,5/19/23,Ank,24,6.25E-05,
27,H-P-A,A,20,5/19/23,Ank,40,6.25E-05,
29,H-P-A,A,20,5/19/23,Ank,44,6.25E-05,
31,P-A,A,23,5/19/23,Ank,43,6.25E-05,
33,P-A,A,23,5/19/23,Ank,37,6.25E-05,
35,P-A,A,23,5/19/23,Ank,58,6.25E-05,
37,H-P-A,A,23,5/19/23,Ank,50,6.25E-05,
39,H-P-A,A,23,5/19/23,Ank,49,6.25E-05,
41,P-A,A,26,5/19/23,Ank,44,6.25E-05,
43,P-A,A,26,5/19/23,Ank,43,6.25E-05,
45,P-A,A,26,5/19/23,Ank,34,6.25E-05,
47,H-P-A,A,26,5/19/23,Ank,62,6.25E-05,
49,H-P-A,A,26,5/19/23,Ank,27,6.25E-05,
2,P-A,B,14,5/20/23,Ank,33,6.25E-05,
4,P-A,B,14,5/20/23,Ank,26,6.25E-05,
6,H-P-A,B,14,5/20/23,Ank,31,6.25E-05,
8,H-P-A,B,14,5/20/23,Ank,17,6.25E-05,
10,H-P-A,B,14,5/20/23,Ank,44,6.25E-05,
12,P-A,B,17,5/20/23,Ank,51,6.25E-05,
14,P-A,B,17,5/20/23,Ank,77,6.25E-05,
16,H-P-A,B,17,5/20/23,Ank,36,6.25E-05,
18,H-P-A,B,17,5/20/23,Ank,66,6.25E-05,
20,H-P-A,B,17,5/20/23,Ank,46,6.25E-05,
22,P-A,B,20,5/20/23,Ank,39,6.25E-05,
24,P-A,B,20,5/20/23,Ank,46,6.25E-05,
26,H-P-A,B,20,5/20/23,Ank,41,6.25E-05,
28,H-P-A,B,20,5/20/23,Ank,27,6.25E-05,
30,H-P-A,B,20,5/20/23,Ank,44,6.25E-05,
32,P-A,B,23,5/20/23,Ank,45,6.25E-05,
34,P-A,B,23,5/20/23,Ank,43,6.25E-05,
36,H-P-A,B,23,5/20/23,Ank,53,6.25E-05,
38,H-P-A,B,23,5/20/23,Ank,66,6.25E-05,
40,H-P-A,B,23,5/20/23,Ank,48,6.25E-05,
42,P-A,B,26,5/20/23,Ank,26,6.25E-05,
44,P-A,B,26,5/20/23,Ank,31,6.25E-05,
46,H-P-A,B,26,5/20/23,Ank,61,6.25E-05,
48,H-P-A,B,26,5/20/23,Ank,52,6.25E-05,
50,H-P-A,B,26,5/20/23,Ank,73,6.25E-05,
1,P-A,A,14,5/22/23,Ank,42,6.25E-05,
3,P-A,A,14,5/22/23,Ank,30,6.25E-05,
5,P-A,A,14,5/22/23,Ank,16,6.25E-05,
7,H-P-A,A,14,5/22/23,Ank,25,6.25E-05,
9,H-P-A,A,14,5/22/23,Ank,68,6.25E-05,
11,P-A,A,17,5/22/23,Ank,62,6.25E-05,
13,P-A,A,17,5/22/23,Ank,61,6.25E-05,
15,P-A,A,17,5/22/23,Ank,32,6.25E-05,
17,H-P-A,A,17,5/22/23,Ank,29,6.25E-05,
19,H-P-A,A,17,5/22/23,Ank,51,6.25E-05,
21,P-A,A,20,5/22/23,Ank,30,6.25E-05,
23,P-A,A,20,5/22/23,Ank,40,6.25E-05,
25,P-A,A,20,5/22/23,Ank,15,6.25E-05,
27,H-P-A,A,20,5/22/23,Ank,60,6.25E-05,
29,H-P-A,A,20,5/22/23,Ank,55,6.25E-05,
31,P-A,A,23,5/22/23,Ank,25,6.25E-05,
33,P-A,A,23,5/22/23,Ank,28,6.25E-05,
35,P-A,A,23,5/22/23,Ank,65,6.25E-05,
37,H-P-A,A,23,5/22/23,Ank,57,6.25E-05,
39,H-P-A,A,23,5/22/23,Ank,47,6.25E-05,
41,P-A,A,26,5/22/23,Ank,51,6.25E-05,
43,P-A,A,26,5/22/23,Ank,56,6.25E-05,
45,P-A,A,26,5/22/23,Ank,28,6.25E-05,
47,H-P-A,A,26,5/22/23,Ank,58,6.25E-05,
49,H-P-A,A,26,5/22/23,Ank,23,6.25E-05,
2,P-A,B,14,5/23/23,Ank,42,6.25E-05,
4,P-A,B,14,5/23/23,Ank,26,6.25E-05,
6,H-P-A,B,14,5/23/23,Ank,43,6.25E-05,
8,H-P-A,B,14,5/23/23,Ank,29,6.25E-05,
10,H-P-A,B,14,5/23/23,Ank,46,6.25E-05,
12,P-A,B,17,5/23/23,Ank,41,6.25E-05,
14,P-A,B,17,5/23/23,Ank,34,6.25E-05,
16,H-P-A,B,17,5/23/23,Ank,49,6.25E-05,
18,H-P-A,B,17,5/23/23,Ank,48,6.25E-05,
20,H-P-A,B,17,5/23/23,Ank,55,6.25E-05,
22,P-A,B,20,5/23/23,Ank,47,6.25E-05,
24,P-A,B,20,5/23/23,Ank,52,6.25E-05,
26,H-P-A,B,20,5/23/23,Ank,40,6.25E-05,
28,H-P-A,B,20,5/23/23,Ank,17,6.25E-05,
30,H-P-A,B,20,5/23/23,Ank,26,6.25E-05,
32,P-A,B,23,5/23/23,Ank,56,6.25E-05,
34,P-A,B,23,5/23/23,Ank,25,6.25E-05,
36,H-P-A,B,23,5/23/23,Ank,18,6.25E-05,
38,H-P-A,B,23,5/23/23,Ank,45,6.25E-05,
40,H-P-A,B,23,5/23/23,Ank,52,6.25E-05,
42,P-A,B,26,5/23/23,Ank,47,6.25E-05,
44,P-A,B,26,5/23/23,Ank,11,6.25E-05,
46,H-P-A,B,26,5/23/23,Ank,37,6.25E-05,
48,H-P-A,B,26,5/23/23,Ank,31,6.25E-05,
50,H-P-A,B,26,5/23/23,Ank,51,6.25E-05,
1,P-A,A,14,5/24/23,Ank,65,6.25E-05,
3,P-A,A,14,5/24/23,Ank,35,6.25E-05,
5,P-A,A,14,5/24/23,Ank,15,6.25E-05,
7,H-P-A,A,14,5/24/23,Ank,33,6.25E-05,
9,H-P-A,A,14,5/24/23,Ank,72,6.25E-05,
11,P-A,A,17,5/24/23,Ank,52,6.25E-05,
13,P-A,A,17,5/24/23,Ank,48,6.25E-05,
15,P-A,A,17,5/24/23,Ank,51,6.25E-05,
17,H-P-A,A,17,5/24/23,Ank,42,6.25E-05,
19,H-P-A,A,17,5/24/23,Ank,41,6.25E-05,
21,P-A,A,20,5/24/23,Ank,24,6.25E-05,
23,P-A,A,20,5/24/23,Ank,39,6.25E-05,
25,P-A,A,20,5/24/23,Ank,32,6.25E-05,
27,H-P-A,A,20,5/24/23,Ank,44,6.25E-05,
29,H-P-A,A,20,5/24/23,Ank,42,6.25E-05,
31,P-A,A,23,5/24/23,Ank,18,6.25E-05,
33,P-A,A,23,5/24/23,Ank,29,6.25E-05,
35,P-A,A,23,5/24/23,Ank,54,6.25E-05,
37,H-P-A,A,23,5/24/23,Ank,58,6.25E-05,
39,H-P-A,A,23,5/24/23,Ank,39,6.25E-05,
41,P-A,A,26,5/24/23,Ank,49,6.25E-05,
43,P-A,A,26,5/24/23,Ank,19,6.25E-05,
45,P-A,A,26,5/24/23,Ank,19,6.25E-05,
47,H-P-A,A,26,5/24/23,Ank,44,6.25E-05,
49,H-P-A,A,26,5/24/23,Ank,16,6.25E-05,
2,P-A,B,14,5/25/23,Ank,39,6.25E-05,
4,P-A,B,14,5/25/23,Ank,24,6.25E-05,
6,H-P-A,B,14,5/25/23,Ank,49,6.25E-05,
8,H-P-A,B,14,5/25/23,Ank,17,6.25E-05,
10,H-P-A,B,14,5/25/23,Ank,38,6.25E-05,
12,P-A,B,17,5/25/23,Ank,70,6.25E-05,
14,P-A,B,17,5/25/23,Ank,28,6.25E-05,
16,H-P-A,B,17,5/25/23,Ank,26,6.25E-05,
18,H-P-A,B,17,5/25/23,Ank,51,6.25E-05,
20,H-P-A,B,17,5/25/23,Ank,39,6.25E-05,
22,P-A,B,20,5/25/23,Ank,40,6.25E-05,
24,P-A,B,20,5/25/23,Ank,42,6.25E-05,
26,H-P-A,B,20,5/25/23,Ank,48,6.25E-05,
28,H-P-A,B,20,5/25/23,Ank,9,6.25E-05,
30,H-P-A,B,20,5/25/23,Ank,39,6.25E-05,
32,P-A,B,23,5/25/23,Ank,70,6.25E-05,
34,P-A,B,23,5/25/23,Ank,16,6.25E-05,
36,H-P-A,B,23,5/25/23,Ank,29,6.25E-05,
38,H-P-A,B,23,5/25/23,Ank,32,6.25E-05,
40,H-P-A,B,23,5/25/23,Ank,40,6.25E-05,
42,P-A,B,26,5/25/23,Ank,44,6.25E-05,
44,P-A,B,26,5/25/23,Ank,9,6.25E-05,
46,H-P-A,B,26,5/25/23,Ank,29,6.25E-05,
48,H-P-A,B,26,5/25/23,Ank,35,6.25E-05,
50,H-P-A,B,26,5/25/23,Ank,48,6.25E-05,
1,P-A,A,14,5/26/23,Ank,40,6.25E-05,
3,P-A,A,14,5/26/23,Ank,35,6.25E-05,
5,P-A,A,14,5/26/23,Ank,22,6.25E-05,
7,H-P-A,A,14,5/26/23,Ank,54,6.25E-05,
9,H-P-A,A,14,5/26/23,Ank,70,6.25E-05,
11,P-A,A,17,5/26/23,Ank,42,6.25E-05,
13,P-A,A,17,5/26/23,Ank,50,6.25E-05,
15,P-A,A,17,5/26/23,Ank,40,6.25E-05,
17,H-P-A,A,17,5/26/23,Ank,31,6.25E-05,
19,H-P-A,A,17,5/26/23,Ank,56,6.25E-05,
21,P-A,A,20,5/26/23,Ank,22,6.25E-05,
23,P-A,A,20,5/26/23,Ank,47,6.25E-05,
25,P-A,A,20,5/26/23,Ank,28,6.25E-05,
27,H-P-A,A,20,5/26/23,Ank,33,6.25E-05,
29,H-P-A,A,20,5/26/23,Ank,39,6.25E-05,
31,P-A,A,23,5/26/23,Ank,14,6.25E-05,
33,P-A,A,23,5/26/23,Ank,15,6.25E-05,
35,P-A,A,23,5/26/23,Ank,52,6.25E-05,
37,H-P-A,A,23,5/26/23,Ank,57,6.25E-05,
39,H-P-A,A,23,5/26/23,Ank,73,6.25E-05,
41,P-A,A,26,5/26/23,Ank,25,6.25E-05,
43,P-A,A,26,5/26/23,Ank,11,6.25E-05,
45,P-A,A,26,5/26/23,Ank,12,6.25E-05,
47,H-P-A,A,26,5/26/23,Ank,42,6.25E-05,
49,H-P-A,A,26,5/26/23,Ank,11,6.25E-05,
2,P-A,B,14,5/27/23,Ank,55,6.25E-05,
4,P-A,B,14,5/27/23,Ank,41,6.25E-05,
6,H-P-A,B,14,5/27/23,Ank,45,6.25E-05,
8,H-P-A,B,14,5/27/23,Ank,21,6.25E-05,
10,H-P-A,B,14,5/27/23,Ank,51,6.25E-05,
12,P-A,B,17,5/27/23,Ank,33,6.25E-05,
14,P-A,B,17,5/27/23,Ank,29,6.25E-05,
16,H-P-A,B,17,5/27/23,Ank,59,6.25E-05,
18,H-P-A,B,17,5/27/23,Ank,76,6.25E-05,
20,H-P-A,B,17,5/27/23,Ank,53,6.25E-05,
22,P-A,B,20,5/27/23,Ank,41,6.25E-05,
24,P-A,B,20,5/27/23,Ank,37,6.25E-05,
26,H-P-A,B,20,5/27/23,Ank,32,6.25E-05,
28,H-P-A,B,20,5/27/23,Ank,4,6.25E-05,
30,H-P-A,B,20,5/27/23,Ank,33,6.25E-05,
32,P-A,B,23,5/27/23,Ank,48,6.25E-05,
34,P-A,B,23,5/27/23,Ank,5,6.25E-05,
36,H-P-A,B,23,5/27/23,Ank,25,6.25E-05,
38,H-P-A,B,23,5/27/23,Ank,22,6.25E-05,
40,H-P-A,B,23,5/27/23,Ank,49,6.25E-05,
42,P-A,B,26,5/27/23,Ank,39,6.25E-05,
44,P-A,B,26,5/27/23,Ank,3,6.25E-05,
46,H-P-A,B,26,5/27/23,Ank,16,6.25E-05,
48,H-P-A,B,26,5/27/23,Ank,21,6.25E-05,
50,H-P-A,B,26,5/27/23,Ank,37,6.25E-05,
1,P-A,A,14,5/29/23,Ank,67,6.25E-05,
3,P-A,A,14,5/29/23,Ank,43,6.25E-05,
5,P-A,A,14,5/29/23,Ank,20,6.25E-05,
7,H-P-A,A,14,5/29/23,Ank,48,6.25E-05,
9,H-P-A,A,14,5/29/23,Ank,56,6.25E-05,
11,P-A,A,17,5/29/23,Ank,38,6.25E-05,
13,P-A,A,17,5/29/23,Ank,43,6.25E-05,
15,P-A,A,17,5/29/23,Ank,29,6.25E-05,
17,H-P-A,A,17,5/29/23,Ank,44,6.25E-05,
19,H-P-A,A,17,5/29/23,Ank,54,6.25E-05,
21,P-A,A,20,5/29/23,Ank,31,6.25E-05,
23,P-A,A,20,5/29/23,Ank,29,6.25E-05,
25,P-A,A,20,5/29/23,Ank,22,6.25E-05,
27,H-P-A,A,20,5/29/23,Ank,27,6.25E-05,
29,H-P-A,A,20,5/29/23,Ank,42,6.25E-05,
31,P-A,A,23,5/29/23,Ank,2,6.25E-05,
33,P-A,A,23,5/29/23,Ank,8,6.25E-05,
35,P-A,A,23,5/29/23,Ank,41,6.25E-05,
37,H-P-A,A,23,5/29/23,Ank,57,6.25E-05,
39,H-P-A,A,23,5/29/23,Ank,53,6.25E-05,
41,P-A,A,26,5/29/23,Ank,17,6.25E-05,
43,P-A,A,26,5/29/23,Ank,18,6.25E-05,
45,P-A,A,26,5/29/23,Ank,3,6.25E-05,
47,H-P-A,A,26,5/29/23,Ank,23,6.25E-05,
49,H-P-A,A,26,5/29/23,Ank,8,6.25E-05,
2,P-A,B,14,5/30/23,Ank,32,6.25E-05,
4,P-A,B,14,5/30/23,Ank,40,6.25E-05,
6,H-P-A,B,14,5/30/23,Ank,44,6.25E-05,
8,H-P-A,B,14,5/30/23,Ank,23,6.25E-05,
10,H-P-A,B,14,5/30/23,Ank,26,6.25E-05,
12,P-A,B,17,5/30/23,Ank,28,6.25E-05,
14,P-A,B,17,5/30/23,Ank,25,6.25E-05,
16,H-P-A,B,17,5/30/23,Ank,55,6.25E-05,
18,H-P-A,B,17,5/30/23,Ank,67,6.25E-05,
20,H-P-A,B,17,5/30/23,Ank,30,6.25E-05,
22,P-A,B,20,5/30/23,Ank,35,6.25E-05,
24,P-A,B,20,5/30/23,Ank,19,6.25E-05,
26,H-P-A,B,20,5/30/23,Ank,39,6.25E-05,
28,H-P-A,B,20,5/30/23,Ank,1,6.25E-05,
30,H-P-A,B,20,5/30/23,Ank,18,6.25E-05,
32,P-A,B,23,5/30/23,Ank,45,6.25E-05,
34,P-A,B,23,5/30/23,Ank,2,6.25E-05,
36,H-P-A,B,23,5/30/23,Ank,8,6.25E-05,
38,H-P-A,B,23,5/30/23,Ank,76,6.25E-05,
40,H-P-A,B,23,5/30/23,Ank,24,6.25E-05,
42,P-A,B,26,5/30/23,Ank,29,6.25E-05,
44,P-A,B,26,5/30/23,Ank,4,6.25E-05,
46,H-P-A,B,26,5/30/23,Ank,17,6.25E-05,
48,H-P-A,B,26,5/30/23,Ank,26,6.25E-05,
50,H-P-A,B,26,5/30/23,Ank,43,6.25E-05,
1,P-A,A,14,5/31/23,Ank,48,6.25E-05,
3,P-A,A,14,5/31/23,Ank,43,6.25E-05,
5,P-A,A,14,5/31/23,Ank,23,6.25E-05,
7,H-P-A,A,14,5/31/23,Ank,51,6.25E-05,
9,H-P-A,A,14,5/31/23,Ank,52,6.25E-05,
11,P-A,A,17,5/31/23,Ank,41,6.25E-05,
13,P-A,A,17,5/31/23,Ank,41,6.25E-05,
15,P-A,A,17,5/31/23,Ank,23,6.25E-05,
17,H-P-A,A,17,5/31/23,Ank,43,6.25E-05,
19,H-P-A,A,17,5/31/23,Ank,37,6.25E-05,
21,P-A,A,20,5/31/23,Ank,8,6.25E-05,
23,P-A,A,20,5/31/23,Ank,18,6.25E-05,
25,P-A,A,20,5/31/23,Ank,26,6.25E-05,
27,H-P-A,A,20,5/31/23,Ank,34,6.25E-05,
29,H-P-A,A,20,5/31/23,Ank,28,6.25E-05,
31,P-A,A,23,5/31/23,Ank,5,6.25E-05,
33,P-A,A,23,5/31/23,Ank,12,6.25E-05,
35,P-A,A,23,5/31/23,Ank,40,6.25E-05,
37,H-P-A,A,23,5/31/23,Ank,59,6.25E-05,
39,H-P-A,A,23,5/31/23,Ank,59,6.25E-05,
41,P-A,A,26,5/31/23,Ank,10,6.25E-05,
43,P-A,A,26,5/31/23,Ank,26,6.25E-05,
45,P-A,A,26,5/31/23,Ank,4,6.25E-05,
47,H-P-A,A,26,5/31/23,Ank,16,6.25E-05,
49,H-P-A,A,26,5/31/23,Ank,13,6.25E-05,
2,P-A,B,14,6/1/23,Ank,36,6.25E-05,
4,P-A,B,14,6/1/23,Ank,30,6.25E-05,
6,H-P-A,B,14,6/1/23,Ank,44,6.25E-05,
8,H-P-A,B,14,6/1/23,Ank,49,6.25E-05,
10,H-P-A,B,14,6/1/23,Ank,44,6.25E-05,
12,P-A,B,17,6/1/23,Ank,33,6.25E-05,
14,P-A,B,17,6/1/23,Ank,27,6.25E-05,
16,H-P-A,B,17,6/1/23,Ank,46,6.25E-05,
18,H-P-A,B,17,6/1/23,Ank,73,6.25E-05,
20,H-P-A,B,17,6/1/23,Ank,33,6.25E-05,
22,P-A,B,20,6/1/23,Ank,22,6.25E-05,
24,P-A,B,20,6/1/23,Ank,24,6.25E-05,
26,H-P-A,B,20,6/1/23,Ank,25,6.25E-05,
28,H-P-A,B,20,6/1/23,Ank,1,6.25E-05,
30,H-P-A,B,20,6/1/23,Ank,9,6.25E-05,
32,P-A,B,23,6/1/23,Ank,62,6.25E-05,
34,P-A,B,23,6/1/23,Ank,4,6.25E-05,
36,H-P-A,B,23,6/1/23,Ank,4,6.25E-05,
38,H-P-A,B,23,6/1/23,Ank,49,6.25E-05,
40,H-P-A,B,23,6/1/23,Ank,33,6.25E-05,
42,P-A,B,26,6/1/23,Ank,10,6.25E-05,
44,P-A,B,26,6/1/23,Ank,2,6.25E-05,
46,H-P-A,B,26,6/1/23,Ank,30,6.25E-05,
48,H-P-A,B,26,6/1/23,Ank,14,6.25E-05,
50,H-P-A,B,26,6/1/23,Ank,35,6.25E-05,